,left_long,left_lat,right_long,right_lat
0,3.508084908582639,49.10785590085517,3.5082084834307516,49.107848666406134
1,3.5080943072315054,49.107884978928496,3.5082170199536526,49.107877294305524
2,3.508103570762747,49.107914075312785,3.5082255234875914,49.10790592700663
3,3.5081127181372787,49.10794318743565,3.508233998313575,49.10793456388975
4,3.508121768316012,49.10797231272476,3.5082424487126085,49.10796320433526
5,3.508130740259862,49.108001448607745,3.508250878965697,49.107991847723454
6,3.5081396529297413,49.10803059251228,3.508259293353849,49.10802049343471
7,3.5081485252865643,49.10805974186599,3.5082676961580694,49.10804914084932
8,3.5081573762912446,49.10808889409661,3.5082760916593627,49.108077789347654
9,3.5081662249046937,49.108118046631745,3.5082844841387373,49.108106438310045
10,3.5081750900878266,49.10814719689912,3.5082928778771976,49.10813508711684
11,3.508183990801556,49.108176342326395,3.50830127715575,49.10816373514837
12,3.5081929460067975,49.108205480341276,3.5083096862554,49.108192381784995
13,3.5082019746644617,49.10823460837144,3.508318109457155,49.108221026407044
14,3.5082110957354633,49.10826372384463,3.5083265510420194,49.108249668394876
15,3.508220328180716,49.10829282418853,3.508335015291,49.108278307128856
16,3.5082296909037134,49.10832190683858,3.508343506485103,49.1083069419893
17,3.50823918476696,49.108350971654815,3.508352030133362,49.10833557219773
18,3.508248767025907,49.10838002435779,3.508360598985581,49.108364196039076
19,3.508258388478002,49.10840907153599,3.508369228436259,49.10839281145618
20,3.5082679999206916,49.108438119777844,3.50837793388379,49.10842141639137
21,3.5082775521514264,49.10846717567177,3.5083867307265697,49.10845000878699
22,3.5082869959676524,49.10849624580622,3.508395634362995,49.108478586585406
23,3.5082962821668184,49.10852533676957,3.5084046601914594,49.10850714772893
24,3.5083053618169737,49.10855445511421,3.508413823610358,49.108535690159954
25,3.5083142163376895,49.10858360335285,3.5084231366425445,49.10856421227478
26,3.508322884851509,49.10861277631837,3.5084325869797515,49.10859271574165
27,3.508331412940262,49.108641967983885,3.508442151644984,49.10862120366352
28,3.5083398461857875,49.108671172322566,3.5084518076157942,49.10864967914942
29,3.5083482301699203,49.108700383307585,3.5084615318697288,49.108678145308424
30,3.5083566104744968,49.108729594912155,3.508471301384339,49.10870660524958
31,3.508365032681351,49.10875880110944,3.5084810931371737,49.10873506208191
32,3.508373542000038,49.10878799592195,3.508490884109378,49.10876351891402
33,3.508382162867358,49.108817176119835,3.508500652977008,49.10879197865816
34,3.5083908883909274,49.108846342617376,3.5085103828117283,49.10882044371723
35,3.508399709082397,49.10887549667216,3.5085200573884854,49.10884891641276
36,3.5084086154534213,49.10890463954184,3.508529660482217,49.108877399066166
37,3.5084175980156505,49.108933772484036,3.508539175867869,49.10890589399893
38,3.5084266472807384,49.10896289675637,3.508548587320381,49.10893440353248
39,3.5084357537603372,49.10899201361644,3.508557878614696,49.10896292998828
40,3.5084449079660978,49.10902112432186,3.508567033529652,49.108991475687176
41,3.508454100409672,49.10905023013028,3.5085760445128815,49.10902004169894
42,3.508463321602714,49.109079332299245,3.508584931097417,49.10904862518422
43,3.5084725620568746,49.109108432086394,3.508593718091654,49.109077222542304
44,3.508481812283807,49.10913753074933,3.508602430303993,49.109105830172474
45,3.5084910627951635,49.10916662954564,3.508611092542827,49.109134444474044
46,3.5085003041025935,49.10919572973292,3.508619729616557,49.10916306184633
47,3.508509526717755,49.10922483256877,3.5086283663335776,49.10919167868866
48,3.5085187221440353,49.10925393916954,3.508637026884538,49.10922029148898
49,3.5085279031443664,49.1092830476241,3.508645714297599,49.10924889977156
50,3.508537102913907,49.10931215311161,3.5086544056551316,49.10927750678322
51,3.508546355474021,49.10934125069364,3.5086630764526308,49.10930611599849
52,3.508555694846067,49.10937033543172,3.508671702185585,49.10933473089184
53,3.5085651550514045,49.1093994023874,3.5086802583494867,49.10936335493778
54,3.5085747701113985,49.10942844662229,3.5086887204398263,49.10939199161076
55,3.5085845740474046,49.10945746319794,3.5086970639520962,49.109420644385295
56,3.508594594446675,49.10948644812042,3.508705265084683,49.10944931663847
57,3.508604763013067,49.109515411470525,3.5087133356011866,49.109478006821355
58,3.508614937838164,49.10954437413455,3.508721338894035,49.1095067062341
59,3.508624975131444,49.109573357275046,3.5087293424118373,49.10953540561505
60,3.5086347412819423,49.10960238054694,3.5087374136032,49.10956409570257
61,3.508644231322657,49.109631444553834,3.508745619916733,49.10959276723507
62,3.5086535284541664,49.109660536842284,3.5087540288010404,49.10962141095095
63,3.5086627175973493,49.10968964470407,3.5087627077047343,49.10965001758865
64,3.508671878959928,49.1097187561382,3.5087717168075607,49.10967857888513
65,3.5086810417899867,49.10974786678917,3.508781040479382,49.109707096991244
66,3.5086902041905352,49.10977697697423,3.5087906180139137,49.10973558024979
67,3.5086993638180495,49.109806087077644,3.50880038810846,49.10976403708557
68,3.5087085183290045,49.10983519748364,3.508810289460325,49.10979247592324
69,3.5087176653798795,49.10986430857648,3.508820260766816,49.10982090518757
70,3.5087268026271468,49.10989342074039,3.508830240725239,49.10984933330321
71,3.5087359277272854,49.109922534359626,3.5088401680328998,49.10987776869486
72,3.5087450383367687,49.10995164981842,3.508849949788468,49.10990622354866
73,3.5087541321120757,49.109980767501035,3.508859077034176,49.10993475957862
74,3.5087632067096797,49.110009887791676,3.508866837941777,49.10996346254272
75,3.508772259786059,49.11003901107461,3.5088737835816666,49.10999226638301
76,3.508781288997688,49.11006813773408,3.5088813299214285,49.11002100103901
77,3.5087902920010436,49.110097268154306,3.508889889313801,49.110049616549254
78,3.508799266452602,49.11012640271953,3.5088990894492964,49.11007815685871
79,3.508808210008839,49.11015554181398,3.508908538098531,49.11010666829627
80,3.5088171231730145,49.110184685406644,3.5089179053430213,49.11013518983995
81,3.5088260239395295,49.11021383091507,3.5089271312275274,49.110163728620556
82,3.5088349369414367,49.11024297478841,3.5089362288910144,49.110192283146084
83,3.508843886824521,49.110272113473975,3.508945211473716,49.110220851924396
84,3.5088528982345637,49.1103012434191,3.5089540921158653,49.1102494334633
85,3.5088619958173504,49.110330361071135,3.508962883957697,49.11027802627068
86,3.508871204218662,49.11035946287738,3.5089716001394455,49.110306628854374
87,3.508880548084284,49.11038854528523,3.5089802538013455,49.110335239722275
88,3.5088900406031116,49.11041760644408,3.508988858083631,49.1103638573822
89,3.5088996407972974,49.110446652550415,3.508997426126535,49.11039248034201
90,3.50890929169655,49.1104756921766,3.5090059710702928,49.11042110710961
91,3.508918936328229,49.11050473389526,3.5090145060551388,49.110449736192855
92,3.5089285177196996,49.11053378627908,3.5090230442213066,49.11047836609962
93,3.508937978898325,49.11056285790067,3.50903159870903,49.110506995337786
94,3.5089472628914673,49.110591957332645,3.5090401826585444,49.11053562241523
95,3.5089563127297367,49.11062109314703,3.5090488101715382,49.11056424567755
96,3.5089652003992935,49.11065025236007,3.5090576134697704,49.11059284353158
97,3.5089744690937046,49.11067934322255,3.5090669551477442,49.11062135549707
98,3.508984769604189,49.11070825599986,3.509077224403639,49.11064971660324
99,3.5089967526673265,49.11073688096129,3.5090888097574564,49.110677861894885
100,3.509010896677151,49.11076512005558,3.509101982056448,49.11070572909932
101,3.5090271258356798,49.11079291278766,3.5091167613925007,49.110733261660016
102,3.5090452531691607,49.11082020619663,3.509133135683496,49.11076040375392
103,3.5090650917186244,49.11084694735192,3.5091510928099865,49.110787099594
104,3.509086467588805,49.11087311003053,3.50917061092837,49.11081330272768
105,3.509109243918118,49.11089874372137,3.5091916455346044,49.11083898845479
106,3.5091332903622527,49.11092391123713,3.5092141489032556,49.11086413516746
107,3.5091584768140973,49.110948675184545,3.5092380733088864,49.110888721257865
108,3.5091847638785856,49.11097301945431,3.5092633710260617,49.110912725118155
109,3.509212339345585,49.11099673079616,3.5092899943293463,49.11093612514054
110,3.509241425995328,49.11101956559715,3.5093178954933064,49.11095889971726
111,3.50927224575589,49.111041280976664,3.5093470311948898,49.11098102309352
112,3.509304844797029,49.11106178500947,3.5093774488751097,49.11100238401536
113,3.5093388795273763,49.111081320527795,3.5094092812671973,49.11102279088429
114,3.509373953985051,49.11110017534327,3.509442664411074,49.1110420489872
115,3.509409673683954,49.11111863580591,3.5094777243099453,49.11105997190801
116,3.5094458311247556,49.1111368031364,3.5095143471508146,49.11107657147473
117,3.509482586581767,49.11115441443578,3.509552174211699,49.11109206196895
118,3.509520143235791,49.11117116432528,3.5095908357152017,49.11110666681083
119,3.5095587029422184,49.111186749106686,3.509629970782911,49.111120603141316
120,3.5095983546981144,49.11120100814321,3.509669467387435,49.11113391251671
121,3.5096389901117924,49.1112140310117,3.5097094896897727,49.11114644162026
122,3.5096804808854305,49.11122593252204,3.5097502162360055,49.11115802698556
123,3.5097226987212125,49.11123682748401,3.50979182027345,49.11116850738252
124,3.5097655153213196,49.111246830707174,3.5098342995738525,49.111177795638085
125,3.5098088023879352,49.11125605700098,3.5098774401915325,49.111185893931406
126,3.5098524316232416,49.111264621174726,3.5099210155534815,49.11119280977076
127,3.5098962872890542,49.11127260870263,3.509964816591254,49.11119855423238
128,3.5099403559038778,49.11127986622232,3.510008763840139,49.111203164809965
129,3.5099846737883453,49.11128612405089,3.5100528360159213,49.111206690856314
130,3.510029277596815,49.11129111172598,3.510097012110796,49.11120918178049
131,3.510074193258047,49.11129460516587,3.5101412711169537,49.11121068699146
132,3.510119370700228,49.11129670893676,3.510185592026587,49.111211255898134
133,3.5101647270260172,49.11129766955163,3.5102299538318906,49.11121093790936
134,3.5102101792079967,49.111297734085845,3.510274335525055,49.11120978243394
135,3.510255649350607,49.11129712196178,3.5103187160982747,49.111207838880645
136,3.510301091296323,49.11129588158191,3.5103630745437417,49.111205156658194
137,3.5103464710067858,49.1112939960448,3.5104073898536505,49.11120178517531
138,3.5103917544677956,49.111291448318774,3.5104516410201905,49.11119777384067
139,3.510436907665154,49.111288221372156,3.510495807035556,49.11119317206295
140,3.5104818965846634,49.111284298173196,3.5105398668919414,49.11118802925084
141,3.510526687212125,49.111279661690155,3.5105837995815374,49.11118239481302
142,3.5105712455333395,49.11127429489125,3.5106275840949404,49.11117631815099
143,3.5106155564081973,49.11126820886391,3.5106711947039853,49.11116982748484
144,3.5106596944734316,49.111261548448404,3.510714590583799,49.11116288326892
145,3.5107037610306757,49.11125449821138,3.5107577278967517,49.111155432433954
146,3.5107478573858724,49.111247242726,3.510800562805213,49.11114742191066
147,3.510792034460588,49.11123989303056,3.5108430514715523,49.111138798629646
148,3.5108361325800934,49.1112322528024,3.5108851500581424,49.11112950952151
149,3.510879937055028,49.11122404542603,3.5109268147273522,49.11111950151677
150,3.510923233196989,49.11121499428699,3.5109680016415767,49.111108721545875
151,3.5109658604370964,49.11120489705083,3.5110086860824414,49.11109714433611
152,3.5110078570788232,49.11119382433945,3.5110489173349535,49.111084852205906
153,3.511049307094914,49.11118190945679,3.511088762586451,49.1110719535014
154,3.5110902944581137,49.11116928570692,3.5111282890242737,49.11105855656883
155,3.511130903141168,49.11115608639396,3.5111675638357602,49.11104476975455
156,3.511171217116824,49.111142444822185,3.51120665420825,49.11103070140499
157,3.511211320357826,49.111128494296004,3.5112456273290804,49.11101645986669
158,3.5112512968166545,49.11111436808749,3.5112845499056977,49.11100215270751
159,3.5112912117393336,49.11110016949413,3.5113234630632433,49.110987845975515
160,3.5113310770565698,49.11108591638261,3.511362370018276,49.1109735441936
161,3.5113708952632368,49.11107161149991,3.5114012709220437,49.110959246909665
162,3.5114106688542024,49.111057257592975,3.511440165925793,49.1109449536716
163,3.5114504003243407,49.11104285740876,3.5114790551807733,49.11093066402732
164,3.5114900921685215,49.11102841369428,3.5115179388382334,49.11091637752474
165,3.511529746881618,49.111013929196474,3.511556817049417,49.11090209371173
166,3.511569366958501,49.110999406662344,3.5115956899655765,49.11088781213623
167,3.511608954894043,49.11098484883886,3.511634557737958,49.11087353234612
168,3.511648513183113,49.11097025847299,3.5116734205178086,49.110859253889295
169,3.5116880443205853,49.110955638311765,3.5117122784563772,49.110844976313665
170,3.51172755080133,49.11094099110214,3.5117511317049117,49.110830699167145
171,3.5117670351202195,49.11092631959112,3.5117899804146595,49.11081642199761
172,3.511806499772124,49.11091162652573,3.511828824736868,49.11080214435296
173,3.511845947251916,49.11089691465292,3.5118676648227876,49.11078786578113
174,3.511885380054467,49.11088218671973,3.5119065008236636,49.11077358582997
175,3.5119248006746484,49.11086744547315,3.511945332890745,49.1107593040474
176,3.5119642116073324,49.110852693660206,3.5119841611752793,49.11074501998133
177,3.512003615347389,49.11083793402789,3.512022985828514,49.11073073317962
178,3.512043014389691,49.11082316932324,3.5120618070016976,49.1107164431902
179,3.5120824112291094,49.11080840229328,3.5121006248460787,49.11070214956095
180,3.512121808360516,49.11079363568501,3.512139439512903,49.11068785183976
181,3.5121612082787825,49.11077887224549,3.512178251153421,49.110673549574535
182,3.51220061347878,49.11076411472172,3.5122170599188793,49.11065924231317
183,3.5122400264553804,49.110749365860734,3.512255865960525,49.11064492960355
184,3.5122794497034544,49.11073462840959,3.512294669429607,49.110630610993574
185,3.512318885717874,49.110719905115296,3.512333470477374,49.11061628603114
186,3.5123583369935125,49.11070519872495,3.512372269255073,49.11060195426413
187,3.5123978060252385,49.11069051198555,3.5124110659139496,49.11058761524042
188,3.5124372953079264,49.11067584764416,3.5124498606052565,49.11057326850794
189,3.5124768073364447,49.11066120844784,3.5124886534802373,49.110558913614554
190,3.5125163440593954,49.11064659654281,3.5125274447130406,49.110544550352785
191,3.512555904012936,49.110632010322156,3.512566234601548,49.110530179837156
192,3.5125954844180747,49.110617446732455,3.512605023485236,49.110515803626555
193,3.512635082493037,49.110602902717254,3.5126438117036205,49.11050142328027
194,3.5126746954560497,49.110588375220054,3.5126825995962094,49.11048704035755
195,3.5127143205253395,49.1105738611844,3.5127213875025145,49.11047265641766
196,3.512753954919134,49.1105593575538,3.512760175762049,49.11045827301987
197,3.5127935958556575,49.110544861271755,3.512798964714322,49.110443891723456
198,3.512833240553139,49.110530369281804,3.512837754698845,49.110429514087684
199,3.512872886229803,49.11051587852742,3.5128765460551317,49.11041514167184
200,3.5129125301038773,49.11050138595214,3.5129153391226904,49.110400776035156
201,3.512952169393589,49.110486888499466,3.5129541342410344,49.110386418736965
202,3.512991801317163,49.11047238311288,3.5129929317496735,49.11037207133651
203,3.5130314230928277,49.11045786673587,3.5130317319881215,49.1103577353931
204,3.5130710319388094,49.11044333631193,3.5130705352958875,49.11034341246599
205,3.51311062507335,49.11042878878457,3.513109342012938,49.110329104108416
206,3.5131502009305544,49.11041422255471,3.513148152613988,49.11031481007466
207,3.5131897624588606,49.11039964143445,3.5131869678959835,49.1103005258171
208,3.5132293136541985,49.11038505049145,3.513225788703028,49.110286246158594
209,3.513268858512497,49.11037045479344,3.5132646158792253,49.110271965922024
210,3.5133084010296862,49.110355859408116,3.513303450268676,49.110257679930214
211,3.5133479452016947,49.110341269403186,3.513342292715484,49.11024338300599
212,3.513387495024453,49.11032668984635,3.5133811440637497,49.11022906997222
213,3.5134270544690005,49.11031212577216,3.5134200050706434,49.11021473557306
214,3.513466602438421,49.11029754876932,3.513458790414076,49.11020029665548
215,3.513506045631495,49.11028283409121,3.5134971673382913,49.11018544615203
216,3.51354527782538,49.110267839750954,3.513534758901664,49.11016983700899
217,3.5135841924050704,49.110252423567935,3.5135711880417215,49.110153122125396
218,3.513622518145734,49.110236362106825,3.5136057739869093,49.11013483696175
219,3.513659564968285,49.11021922517773,3.5136368772243665,49.11011414629842
220,3.513694577152435,49.110200550188296,3.5136633576013514,49.11009062483367
221,3.5137267999618973,49.1101798756845,3.513686298460235,49.11006541712976
222,3.513755696007926,49.11015699181664,3.513705732390394,49.11003920804713
223,3.513781217196518,49.110132255150816,3.513720030728426,49.110011798745255
224,3.5138033823200674,49.110106099682554,3.513729589521652,49.109983362827606
225,3.5138222115528674,49.110078958675,3.5137372783753613,49.10995456396292
226,3.5138379102302633,49.1100511671485,3.5137448752982947,49.10992579472713
227,3.5138510533820195,49.11002286397002,3.5137526362374696,49.10989707856881
228,3.5138622599554763,49.10999416470483,3.5137607235216883,49.10986841623245
229,3.5138721477099883,49.109965184790475,3.513769294402976,49.10983980804083
230,3.513881228511317,49.10993602826067,3.513778294813237,49.1098112367624
231,3.513889826307645,49.10990677891168,3.5137873878111243,49.10978266166742
232,3.513898245742801,49.10987751846104,3.5137962166852814,49.10975404038374
233,3.5139067882172577,49.1098483276395,3.5138044181094403,49.10972533106273
234,3.5139155497884724,49.10981922469326,3.5138112909620354,49.109696518593395
235,3.5139243018970565,49.10979012908935,3.5138156419581414,49.109667626821306
236,3.513932787305803,49.10976095156808,3.5138162389467618,49.10963868266851
237,3.513940738602567,49.109731604658876,3.5138119467426012,49.109609740252964
238,3.5139474090765965,49.109702085175485,3.5138025391773495,49.10958110864373
239,3.5139513760799814,49.10967250879537,3.513788287215707,49.10955323634107
240,3.5139511659993525,49.10964300015848,3.513769466883104,49.10952657326558
241,3.5139453650412644,49.10961368215359,3.513746335999872,49.109501577402995
242,3.5139347283840556,49.109584614163104,3.513718961961875,49.109478791091014
243,3.513922654517084,49.109555781614155,3.5136872986850958,49.10945880693568
244,3.5139099223044195,49.109527357198424,3.5136512985740245,49.10944221821309
245,3.513894036830511,49.10949974012253,3.513611021471503,49.10942956793526
246,3.5138737058718386,49.109473277919655,3.513567783467595,49.10942081138754
247,3.5138492037794595,49.10944824518771,3.5135236287689993,49.109415595594484
248,3.5138208879697608,49.109424912657666,3.513479552665552,49.10941445923228
249,3.5137891158591303,49.1094035510609,3.5134358694359014,49.10941844714523
250,3.5137542448639567,49.109384431129016,3.513393360944537,49.10942729839718
251,3.513716632400627,49.109367823593786,3.5133530349641764,49.109439791877755
252,3.5136766358855303,49.10935399918696,3.5133143352938045,49.10945422812162
253,3.5136346219487526,49.10934319088091,3.513275848310419,49.10946891859791
254,3.513591001606627,49.10933544974581,3.513237294581844,49.10948353396777
255,3.5135461942557566,49.10933069335134,3.513198679868977,49.109498080749695
256,3.5135005968735045,49.109328483693155,3.5131600099327165,49.10951256546221
257,3.5134548003798134,49.10932872334518,3.51312129053396,49.10952699462383
258,3.5134102393185804,49.109333171886014,3.513082527433604,49.10954137475306
259,3.5133680578690614,49.10934315856639,3.5130437263925476,49.10955571236838
260,3.513327378158543,49.10935638562603,3.513004893171687,49.1095700139883
261,3.513287068433415,49.10937023362993,3.5129660335319204,49.10958428613127
262,3.5132469018489516,49.109384200653835,3.5129271532341457,49.109598535315776
263,3.513206860629994,49.10939827400159,3.5128882580392617,49.10961276806028
264,3.5131669270013806,49.10941244097711,3.5128493537081624,49.109626990883235
265,3.5131270831879533,49.10942668888423,3.512810446001749,49.10964121030308
266,3.5130873114145476,49.10944100502688,3.5127715406809177,49.10965543283828
267,3.513047593906008,49.10945537670896,3.5127326435065664,49.109669665007246
268,3.5130079128909917,49.109469791236805,3.5126937602084296,49.109683913292606
269,3.5129682543128373,49.109484238244114,3.5126548936850397,49.109698180923665
270,3.512928614769841,49.10949871404028,3.512616041780599,49.10971246532191
271,3.5128889927587412,49.10951321612419,3.5125772018161467,49.1097267633076
272,3.5128493867762756,49.109527741994675,3.5125383711127234,49.10974107170107
273,3.51280979531918,49.10954228915061,3.512499546991371,49.10975538732263
274,3.512770216884195,49.10955685509084,3.5124607267731305,49.10976970699258
275,3.5127306499680575,49.10957143731423,3.5124219077790406,49.10978402753126
276,3.5126910930675037,49.10958603331964,3.512383087330145,49.10979834575897
277,3.5126515446792728,49.109600640605954,3.5123442627474826,49.10981265849605
278,3.512612003300103,49.10961525667202,3.5123054313520936,49.10982696256281
279,3.5125724674267302,49.10962987901675,3.5122665904650194,49.10984125477962
280,3.5125329355558947,49.109644505138995,3.5122277374073003,49.109855531966765
281,3.5124934061843307,49.10965913253763,3.5121888694999783,49.10986979094463
282,3.5124538778087793,49.109673758711565,3.512149984064094,49.10988402853355
283,3.5124143489259776,49.10968838115967,3.512111078420686,49.10989824155384
284,3.512374818034927,49.10970299739245,3.5120721504614703,49.10991242771408
285,3.5123352838352786,49.109717605951005,3.5120332083072405,49.109926600643156
286,3.51229574538213,49.10973220720195,3.5119942689183548,49.109940787727716
287,3.512256201767008,49.10974680169906,3.511955349546074,49.109955016807135
288,3.5122166520814377,49.109761389996066,3.51191650520907,49.10996935188952
289,3.5121770954169462,49.10977597264671,3.511878569390156,49.1099846024958
290,3.512137530865061,49.109790550204764,3.5118431009222038,49.1100022377885
291,3.512097957517308,49.10980512322398,3.5118115521614035,49.11002284884857
292,3.512058374027428,49.10981969159678,3.5117851953991375,49.110046134018994
293,3.5120187585127645,49.109834224194145,3.511764156065939,49.110071614112975
294,3.511979060178616,49.109848646213635,3.511747396844643,49.110098666928415
295,3.5119392260556794,49.10986287956804,3.5117338281554096,49.11012666383624
296,3.5118992176239363,49.10987686318575,3.5117223636582953,49.11015498627515
297,3.5118595173271956,49.10989114948249,3.5117120071295456,49.110183295679064
298,3.511821244773468,49.109907035605964,3.5117018620870457,49.11021156338291
299,3.511785020235456,49.109925051845195,3.511691037219889,49.110239776788745
300,3.5117508319831834,49.10994476938465,3.511678500283313,49.11026782740611
301,3.5117189079399935,49.109965953243716,3.511662279005774,49.110294967143126
302,3.5116897865918015,49.109988648863705,3.5116402941002924,49.11032023176215
303,3.511664022882629,49.11001291654655,3.51161241071937,49.11034297549646
304,3.511642146639331,49.110038805703475,3.5115793568143285,49.110362677517834
305,3.5116241087984688,49.110066114747845,3.51154208920079,49.110378731935114
306,3.5116092807413763,49.11009439080752,3.5115016947640036,49.11039071687548
307,3.5115970085992294,49.11012317006322,3.511459486829392,49.11039993281481
308,3.5115866308314487,49.110152007574065,3.5114167768016773,49.11040832537145
309,3.5115773402981247,49.11018081666501,3.51137399976015,49.1104165449565
310,3.511568101864236,49.110209801129166,3.5113311628186037,49.11042460766262
311,3.5115561837265776,49.110238654886146,3.5112882701997643,49.11043252529737
312,3.511537543822494,49.11026649788907,3.5112453261263563,49.110440309668284
313,3.5115100026226385,49.11029033604454,3.5112023348211028,49.110447972582946
314,3.51147315708012,49.110305927090145,3.5111593005067263,49.110455525848856
315,3.511430346789396,49.11031513063105,3.5111162274062604,49.110462981274146
316,3.5113865748630726,49.110323238294356,3.511073120064345,49.11047035123545
317,3.511342790959515,49.11033126755193,3.5110299839575565,49.11047764975722
318,3.511298996035766,49.11033922603869,3.510986824730301,49.11048489116058
319,3.5112551910488676,49.11034712138956,3.5109436480269873,49.110492089766694
320,3.5112113769558633,49.11035496123942,3.5109004594920195,49.110499259896656
321,3.511167554713795,49.11036275322319,3.510857264769802,49.11050641587159
322,3.5111237252797065,49.11037050497575,3.5108140695047427,49.11051357201261
323,3.5110798896106385,49.110378224131985,3.5107708793412473,49.11052074264081
324,3.5110360486636347,49.11038591832676,3.510727699923721,49.11052794207729
325,3.5109922033957384,49.11039359519499,3.510684536896571,49.11053518464312
326,3.51094835476399,49.11040126237152,3.5106413959042015,49.110542484659376
327,3.5109045037254334,49.11040892749121,3.5105982825910194,49.110549856447136
328,3.5108606512371106,49.11041659818895,3.5105552026014313,49.11055731432746
329,3.5108167982560654,49.11042428209959,3.5105121615798414,49.110564872621374
330,3.510772945739339,49.11043198685796,3.510469165170657,49.110572545649916
331,3.5107290946634766,49.11043972010941,3.510426218419951,49.11058034602557
332,3.510685250186538,49.11044749173932,3.510383300705384,49.1105882130633
333,3.510641426819297,49.110455316643716,3.510340356596214,49.11059598668095
334,3.5105976403416124,49.11046321039849,3.510297328182041,49.11060349971566
335,3.510553906415258,49.11047118843305,3.510254159129442,49.11061059172787
336,3.510510225214622,49.11047924697975,3.5102108763465742,49.11061745716508
337,3.5104665661675285,49.110487344159374,3.510167625833831,49.11062479372195
338,3.5104228950742065,49.110495433596256,3.5101243401864948,49.11063212470641
339,3.510379177885879,49.110503468786305,3.5100806134959286,49.11063711304674
340,3.5103353937921202,49.11051139196447,3.510036373099485,49.110638166677454
341,3.5102915453528603,49.110519125486064,3.5099921312035884,49.11063515053152
342,3.5102476375129723,49.11052658967777,3.5099486009085505,49.110628237178034
343,3.510203672422537,49.110533703633095,3.5099067407781277,49.11061789356005
344,3.510159477788436,49.11054030947214,3.5098672719577193,49.11060452354689
345,3.5101146183779166,49.11054611041983,3.5098304589396494,49.11058837138005
346,3.5100692464261685,49.11054984250264,3.5097965201772565,49.11056966520749
347,3.5100244182941314,49.11054885296977,3.5097656748114843,49.110548638630824
348,3.509981072443675,49.11054185644258,3.509738150168857,49.11052559017519
349,3.5099398787621707,49.11052964608154,3.5097141789496216,49.11050086098747
350,3.5099014870578307,49.11051317044199,3.5096939939478418,49.11047479295917
351,3.5098665788991306,49.1104933643922,3.5096777750749526,49.110447723089486
352,3.509836968726839,49.11047067458825,3.50966499356466,49.110419922808944
353,3.5098157682937017,49.11044496276938,3.5096546144922356,49.1103916167171
354,3.509802449248125,49.11041684278883,3.5096455919978125,49.110363028402226
355,3.509792166754089,49.110387835367355,3.5096369173095363,49.11033437344647
356,3.509782158879826,49.110358790085066,3.509628144413523,49.11030574594317
357,3.509772267188539,49.11032974874003,3.5096192645382946,49.11027714559299
358,3.5097624697865877,49.110300710765344,3.5096102803950466,49.110248569617745
359,3.509752744780324,49.110271675594035,3.5096011946949686,49.11022001523921
360,3.50974307027611,49.110242642659216,3.509592010149255,49.11019147967917
361,3.5097334243803,49.1102136113939,3.509582729469097,49.110162960159386
362,3.509723785199253,49.11018458123115,3.5095733553656876,49.110134453901644
363,3.509714131374036,49.11015555163656,3.5095638904613677,49.110105958517245
364,3.509704451612055,49.11012652268734,3.509554336947157,49.11007747350861
365,3.509694743583999,49.11009749500548,3.5095446968833808,49.11004899895117
366,3.509685005273722,49.11006846923196,3.5095349723303366,49.110020534920444
367,3.509675234665082,49.11003944600777,3.5095251653483186,49.109992081491995
368,3.509665429741935,49.110010425973904,3.5095152779976266,49.109963638741384
369,3.5096555884881364,49.109981409771365,3.5095053123385576,49.10993520674417
370,3.5096457088875392,49.109952398041116,3.5094952704314037,49.10990678557587
371,3.5096357889240033,49.10992339142419,3.509485154336467,49.109878375312064
372,3.5096258265813853,49.109894390561564,3.5094749661140408,49.1098499760283
373,3.5096158198435368,49.109865396094236,3.5094647078244225,49.10982158780012
374,3.509605766694318,49.10983640866323,3.5094543815279096,49.10979321070308
375,3.509595665117582,49.10980742890953,3.5094439892847986,49.10976484481273
376,3.5095855130971847,49.109778457474114,3.5094335331553848,49.109736490204625
377,3.5095753086169843,49.109749494998034,3.5094230151999666,49.10970814695431
378,3.509565049662779,49.10972054212181,3.509412437535465,49.10967981512664
379,3.5095547361244464,49.10969159904204,3.50940181279264,49.10965149279833
380,3.5095443733581004,49.10966266468051,3.5093911763671017,49.10962317374135
381,3.5095339676946877,49.109633737731855,3.5093805666300897,49.109594851164935
382,3.5095235254651507,49.10960481689059,3.509370021952842,49.10956651827839
383,3.509513053000433,49.10957590085127,3.509359580706598,49.10953816829093
384,3.5095025566314795,49.10954698830841,3.5093492812625935,49.109509794411764
385,3.509492042689235,49.10951807795661,3.5093391619920697,49.10948138985011
386,3.5094815174303213,49.10948916850295,3.5093292612372076,49.10945294782165
387,3.5094709708629517,49.10946026140595,3.509319603569618,49.109424464622094
388,3.509460356498016,49.10943136430426,3.509310177819224,49.109395944541255
389,3.5094496228698993,49.10940248567925,3.5093009670924284,49.10936739314918
390,3.509438719428307,49.10937363388102,3.5092919544956316,49.109338816015885
391,3.5094277175644657,49.10934479976625,3.5092831231352397,49.10931021871142
392,3.509416931767255,49.109315939317476,3.509274456117651,49.10928160680584
393,3.5094067053512066,49.10928700438185,3.509265936549273,49.109252985869226
394,3.5093973783326895,49.109257947231995,3.5092575484197184,49.109224361013695
395,3.509388998907058,49.109228757792444,3.5092492974538034,49.109195726081104
396,3.5093810986127894,49.109199492649296,3.50924121193176,49.10916706321773
397,3.509373156069936,49.10917021521648,3.5092333211811413,49.109138354026754
398,3.5093646583919447,49.10914098804957,3.509225663862657,49.109109580298224
399,3.5093556270102866,49.109111819692075,3.509218548173666,49.10908072921995
400,3.509346926081722,49.10908263349947,3.509212586396272,49.10905179406935
401,3.509339493981024,49.109053345324696,3.509208407086871,49.10902276844983
402,3.5093342817499527,49.10902387423975,3.5092066379908626,49.108993648862985
403,3.5093328325895126,49.108994289812046,3.509207879034727,49.10896453123015
404,3.5093374825959907,49.108964875593664,3.509212696017026,49.10893563343966
405,3.5093490144084183,49.10893602938778,3.509221652646997,49.10890718084731
406,3.509366098288041,49.10890828741357,3.5092353065051243,49.10887940388945
407,3.509388419363705,49.108882477344125,3.5092539629033097,49.10885274210763
408,3.5094170697506417,49.10885975596568,3.509277591101953,49.10882791359642
409,3.5094516072347957,49.10884050537404,3.509306137042958,49.10880565578039
410,3.5094896965515545,49.10882417009384,3.509339388138989,49.10878653860626
411,3.5095298348218695,49.108810321643624,3.5093758063895764,49.10876973178355
412,3.5095715739106934,49.108798734521656,3.509413389143033,49.10875387845278
413,3.5096145212418466,49.10878919391775,3.509451848714824,49.108739119481854
414,3.509658289054473,49.10878148025319,3.509491728307268,49.1087262934586
415,3.5097026000120692,49.10877526460812,3.5095329962500807,49.1087154734283
416,3.509747287020499,49.108770108901716,3.5095753047306344,49.10870631333331
417,3.5097921877645475,49.10876557032089,3.509618302798818,49.10869846295622
418,3.509837144378744,49.108761218080076,3.509661657668626,49.10869158541557
419,3.509882083050988,49.108756848591405,3.5097052247714,49.10868548202033
420,3.5099270049649998,49.10875246098219,3.5097489708951053,49.10868003583827
421,3.5099719139353507,49.108748061490964,3.5097928642793725,49.10867513100295
422,3.5100168137766072,49.10874365635623,3.5098368731638256,49.10867065164779
423,3.5100617083033345,49.10873925181653,3.5098809657880965,49.10866648190624
424,3.5101066013301034,49.108734854110374,3.509925110391812,49.10866250591165
425,3.5101514966714795,49.10873046947628,3.509969275214901,49.10865860779844
426,3.51019639794985,49.1087261037936,3.5100134345559435,49.10865469358991
427,3.5102413062228837,49.108721758147794,3.5100575843277,49.10865074739804
428,3.5102862207217562,49.108717430210454,3.5101017252608493,49.10864677074111
429,3.5103311406384616,49.108713117579875,3.510145858086071,49.108642765137446
430,3.5103760651649893,49.10870881785436,3.5101899835340453,49.10863873210535
431,3.5104209934933315,49.108704528632174,3.510234102335451,49.108634673163166
432,3.5104659248154793,49.10870024751169,3.510278215220968,49.10863058982921
433,3.5105108583234226,49.10869597209115,3.5103223229212746,49.10862648362179
434,3.5105557932091562,49.10869169996888,3.5103664261670517,49.10862235605922
435,3.510600728664667,49.10868742874317,3.510410525688976,49.108618208659834
436,3.5106456638819483,49.1086831560123,3.510454622217731,49.10861404294195
437,3.510690598052993,49.10867887937461,3.510498716483993,49.10860986042388
438,3.510735530369791,49.10867459642836,3.510542809218442,49.10860566262396
439,3.510780460024334,49.10867030477187,3.510586901151758,49.10860145106049
440,3.510825386208613,49.10866600200342,3.5106309930146207,49.10859722725181
441,3.5108703081172585,49.10866168573016,3.5106750855317688,49.108592992719245
442,3.5109152255275573,49.108657355515945,3.51071917901428,49.10858874919379
443,3.510960139528431,49.10865301532934,3.5107632730967095,49.10858449874935
444,3.511005051388097,49.108648669741065,3.5108073673510782,49.10858024349151
445,3.5110499623747646,49.10864432332177,3.5108514613494104,49.108575985525825
446,3.5110948737566527,49.10863998064217,3.5108955546637293,49.10857172695789
447,3.511139786801973,49.108635646272944,3.5109396468660568,49.10856746989332
448,3.5111847027789405,49.108631324784774,3.510983737528416,49.108563216437666
449,3.5112296229557702,49.10862702074838,3.5110278262228323,49.10855896869654
450,3.5112745486006762,49.10862273873443,3.5110719125213254,49.10855472877554
451,3.511319480981873,49.10861848331366,3.51111599599592,49.10855049878021
452,3.511364421367574,49.10861425905672,3.5111600762186383,49.10854628081618
453,3.511409371025995,49.10861007053435,3.5112041527615054,49.10854207698904
454,3.511454331225349,49.10860592231723,3.5112482251965424,49.10853788940436
455,3.511499303233851,49.10860181897607,3.511292293095771,49.108533720167735
456,3.5115442883197168,49.10859776508158,3.5113363560312174,49.10852957138478
457,3.5115892892501597,49.10859377928671,3.5113804148792873,49.108525445018614
458,3.5116343795913694,49.1085905453599,3.5114244909624057,49.10852134079962
459,3.5116797077893414,49.10858970446724,3.511468621831229,49.10851725668595
460,3.5117243954643738,49.108593719088404,3.5115128454831046,49.108513190587026
461,3.511765879114211,49.108604665794594,3.511557195444296,49.108509165379765
462,3.511802340309572,49.108621577621115,3.5116016252478124,49.1085056506423
463,3.51183389376763,49.10864302988894,3.511646019379086,49.10850350153079
464,3.5118607835783027,49.10866759496126,3.511690260056474,49.10850358586132
465,3.5118832249696386,49.10869387012107,3.5117342051956615,49.10850676699451
466,3.511900611148323,49.10872116234187,3.5117772138057703,49.108513816828825
467,3.511911429575483,49.108749558672756,3.511818185410828,49.1085253772872
468,3.511914505861308,49.10877880577834,3.511856181709576,49.1085411118372
469,3.511909103414049,49.10880822926536,3.511890467388501,49.10855975731414
470,3.511895146378419,49.108836768437435,3.511920955538,49.10858061664583
471,3.511873195924755,49.10886299806432,3.5119482051369966,49.10860359337343
472,3.5118438406079346,49.10888547724783,3.5119726431181455,49.10862822014521
473,3.5118077270376724,49.10890284028895,3.5119944468642865,49.10865371933507
474,3.511766585966015,49.108915125757285,3.512013310705318,49.10867995897718
475,3.5117230415385245,49.10892361836117,3.5120287525536527,49.108707054465334
476,3.5116786100547306,49.108929677105756,3.5120402900286862,49.10873512160377
477,3.5116338375517957,49.108934644089516,3.512047335347437,49.108764172272544
478,3.5115889717471287,49.1089391943748,3.512048602521023,49.10879352993972
479,3.5115440480506925,49.10894347610325,3.512042764102152,49.10882230006316
480,3.5114990961042944,49.108947623100654,3.512030180530028,49.10885001851455
481,3.511454144206821,49.108951763322935,3.512011887330997,49.10887640557601
482,3.511409203021499,49.108955947642066,3.5119886076111957,49.10890118932801
483,3.5113642707923973,49.10896017264695,3.511960925036714,49.1089241010042
484,3.511319345504355,49.10896443379348,3.511929422652974,49.10894487185259
485,3.5112744251422074,49.10896872653744,3.5118946764342303,49.10896324537935
486,3.511229507690795,49.1089730463347,3.511857205294747,49.10897906400485
487,3.511184591134952,49.108977388641115,3.511817500567513,49.10899221796169
488,3.511139673459517,49.108981748912505,3.511776053346214,49.10900259823046
489,3.511094752858973,49.10898612231061,3.5117333251859635,49.10901031133709
490,3.51104982955042,49.10899050115948,3.511689700495827,49.10901602674889
491,3.5110049048827072,49.10899487619532,3.5116455512475047,49.10902050468927
492,3.510959980217097,49.10899923813696,3.511601249310165,49.10902450518354
493,3.5109150569148513,49.10900357770321,3.5115570682082913,49.109028598654255
494,3.510870136337233,49.109007885612904,3.5115129998545864,49.109032812593775
495,3.5108252198455063,49.109012152584874,3.5114689860744264,49.109037077929266
496,3.5107803088009306,49.10901636933793,3.5114249686994525,49.109041325595896
497,3.5107354040995746,49.109020537870514,3.511380904635388,49.10904550591724
498,3.510690503257913,49.10902474212618,3.51133679820076,49.10904963019942
499,3.5106456023002592,49.10902910222869,3.511292663012059,49.109053721707625
500,3.510600697244366,49.10903373846108,3.511248512685776,49.10905780370702
501,3.5105558251344915,49.109038820565964,3.511204360838399,49.109061899462766
502,3.5105112833027032,49.1090448320766,3.511160221086416,49.10906603224005
503,3.510467470836404,49.10905237919747,3.511116107046318,49.109070225304
504,3.5104247851307595,49.10906206427113,3.5110720319506554,49.10907450117371
505,3.510383457607852,49.109074132684405,3.511027995712831,49.109078856486676
506,3.5103434283431123,49.1090882032303,3.510983981820124,49.10908325596141
507,3.510304607893514,49.10910383121728,3.5109399727458985,49.1090876623462
508,3.5102669081884064,49.109120575226264,3.510895950963522,49.10909203838936
509,3.5102303254518366,49.10913819481693,3.5108518989463597,49.10909634683922
510,3.5101949876997804,49.10915676377203,3.510807799167779,49.1091005504441
511,3.5101610344188745,49.10917638322284,3.5107636341011452,49.10910461195236
512,3.510128608561506,49.10919715371396,3.5107193877485905,49.10910849813614
513,3.5100980114278246,49.10921914899509,3.5106751226357846,49.10911238244477
514,3.5100697648292463,49.109242405502116,3.5106310159607124,49.10911674014981
515,3.510044406904631,49.10926695690795,3.5105872540064498,49.10912207043491
516,3.5100224635870467,49.10929283293152,3.5105440233382224,49.10912886976891
517,3.51000403027374,49.10931992382977,3.5105015286745456,49.10913745996006
518,3.5099886672633294,49.10934794652742,3.5104600035992206,49.10914788509182
519,3.5099759014257033,49.10937660712126,3.510419684266114,49.1091601645197
520,3.5099652711148455,49.10940561631391,3.5103808064905624,49.10917431701579
521,3.5099566361509513,49.10943481371607,3.510343578100762,49.10919031313974
522,3.50995021331966,49.109464182081396,3.510308158439619,49.109208039927545
523,3.509946238014985,49.109493711625525,3.5102747020196627,49.109227376094076
524,3.509944948102714,49.10952338786873,3.510243363353417,49.10924820035425
525,3.509946637541886,49.10955308977791,3.5102142969534107,49.10927039142304
526,3.509951655967043,49.10958259056048,3.5101876573321684,49.10929382801552
527,3.509960355400961,49.10961165888768,3.5101635990022193,49.109318388846894
528,3.509973062926602,49.1096400687119,3.5101422762265053,49.10934395266477
529,3.509989640178332,49.10966769253579,3.5101238053906756,49.10937040311248
530,3.510009536518971,49.10969449015281,3.510108224776316,49.109397633928275
531,3.510032187056042,49.10972042437474,3.510095563023387,49.10942554009675
532,3.5100570631874293,49.10974544271063,3.5100858493924587,49.10945401644131
533,3.5100842025502663,49.10976925390055,3.5100792509002505,49.10948292195987
534,3.510114090867674,49.10979137773836,3.510076245011076,49.10951203491378
535,3.5101472261160267,49.10981132885172,3.5100773516788006,49.10954112251483
536,3.510183983971553,49.109828706457364,3.510083062032482,49.10956995230638
537,3.5102231277060807,49.10984422498598,3.5100933773853837,49.109598297457275
538,3.510262448293091,49.109859276305436,3.510107889627376,49.10962593583861
539,3.5103017279083293,49.1098739350792,3.510126178064167,49.10965264546645
540,3.5103420188966346,49.10988742517401,3.5101478383443467,49.10967819943276
541,3.51038361433911,49.10989935968608,3.5101727842589177,49.10970227496518
542,3.510426315440022,49.10990960613502,3.5102012186271336,49.10972446219999
543,3.5104699157949915,49.109918035975944,3.510233354771475,49.10974434810913
544,3.5105142114574095,49.109924531029925,3.510269351408733,49.10976155539992
545,3.5105590221698355,49.10992907303117,3.5103081414436383,49.10977650897425
546,3.5106041809197572,49.10993169957647,3.5103475168866396,49.109790389316025
547,3.510649520839579,49.10993244887361,3.5103868725520124,49.109803544644684
548,3.510694875061706,49.109931359130144,3.510427275823085,49.109815439318254
549,3.5107400767185406,49.10992846855344,3.5104691508650565,49.109825655847516
550,3.510784958942489,49.10992381535065,3.510512149335482,49.10983394690848
551,3.5108293548659546,49.10991743772879,3.510555884967302,49.10984007353097
552,3.5108730980603546,49.109909373407945,3.510599996655619,49.10984383141178
553,3.510916025281147,49.10989965657805,3.51064428469784,49.10984523861859
554,3.51095797468754,49.10988831987268,3.5106886131274297,49.10984440103089
555,3.5109987844448742,49.109875395918365,3.5107328461340876,49.10984142474303
556,3.511038342425995,49.10986095370463,3.5107768260276453,49.10983640414889
557,3.511076851130764,49.1098452923832,3.5108202399992186,49.10982935069233
558,3.5111146357937657,49.10982880089154,3.510862708211694,49.10982023997356
559,3.5111520219291963,49.10981186837207,3.5109038505617503,49.10980904745023
560,3.5111892975900028,49.1097948384823,3.510943355079016,49.109795795211205
561,3.5112265431800385,49.109777802752674,3.510981444555826,49.10978087134776
562,3.5112637675621636,49.109760765848606,3.511018594251655,49.1097648367451
563,3.5113009795327,49.10974373235475,3.5110552809179976,49.10974825331027
564,3.511338187887969,49.10972670685578,3.511091945509352,49.10973164075003
565,3.511375401424294,49.10970969393636,3.5111287171017853,49.109715151098875
566,3.511412628937995,49.10969269818115,3.511165564054798,49.10969874692303
567,3.511449879225394,49.10967572417484,3.5112024534049895,49.10968238922924
568,3.5114871595251618,49.10965877565425,3.511239359557473,49.10966604782544
569,3.5115244704158246,49.10964185273099,3.5112762775201305,49.10964971712847
570,3.5115618106961914,49.109624954547925,3.5113132058740866,49.109633395823174
571,3.5115991791650503,49.10960808024792,3.5113501432004695,49.10961708259443
572,3.5116365746211917,49.10959122897383,3.511387088080402,49.10960077612711
573,3.5116739958634047,49.109574399868514,3.5114240390950107,49.10958447510602
574,3.511711441690481,49.109557592074836,3.5114609948254194,49.10956817821602
575,3.511748910901207,49.10954080473565,3.5114979538527553,49.10955188414198
576,3.511786402294373,49.109524036993804,3.5115349147581423,49.10953559156873
577,3.5118239146687706,49.10950728799216,3.511571876122707,49.10951929918112
578,3.511861446823186,49.10949055687357,3.511608836527573,49.109503005664
579,3.511898997556413,49.109473842780886,3.5116457945538704,49.10948670970223
580,3.511936565667237,49.10945714485695,3.5116827487827176,49.10947040998061
581,3.5119741499544483,49.10944046224461,3.511719697795245,49.109454105184014
582,3.512011749216838,49.10942379408674,3.5117566401725764,49.10943779399726
583,3.512049362253196,49.10940713952615,3.5117935744958384,49.10942147510519
584,3.5120869878623098,49.1093904977057,3.511830499346155,49.10940514719263
585,3.5121246248429707,49.10937386776825,3.5118674133046506,49.10938880894444
586,3.5121622719939674,49.109357248856625,3.511904314952452,49.1093724590454
587,3.512199928114088,49.10934064011367,3.5119412028706862,49.10935609618039
588,3.512237592002124,49.10932404068223,3.511978075640476,49.1093397190342
589,3.5122752624568645,49.10930744970515,3.512014931842948,49.109323326291694
590,3.512312938277099,49.10929086632526,3.512051770059228,49.10930691663766
591,3.5123506182616167,49.10927428968538,3.5120885888704394,49.109290488756926
592,3.5123883012092074,49.10925771892838,3.5121253868577096,49.109274041334324
593,3.5124259859186613,49.10924115319709,3.5121621626021633,49.10925757305467
594,3.5124636711887662,49.10922459163432,3.5121989146849257,49.10924108260277
595,3.512501355818313,49.10920803338293,3.5122356416871217,49.10922456866346
596,3.5125390386060915,49.109191477585725,3.512272342189879,49.10920802992151
597,3.5125767183508896,49.10917492338556,3.5123090147743206,49.10919146506178
598,3.5126143938514978,49.10915836992525,3.512345658021573,49.10917487276905
599,3.512652063282616,49.10914181561954,3.512382271297786,49.109158252405976
600,3.512689683825986,49.10912521105873,3.5124188629531177,49.10914161109267
601,3.5127271469958488,49.1091084302221,3.512455447067163,49.10912496089645
602,3.5127643384013236,49.109091340199505,3.512492037812061,49.10910831396453
603,3.5128011405211175,49.10907380722951,3.5125286493599495,49.10909168244422
604,3.5128372836199837,49.10905565616424,3.512565295882965,49.10907507848275
605,3.512872280504516,49.10903665272972,3.512601991553245,49.10905851422744
606,3.5129056272792876,49.109016558110405,3.5126387505429277,49.10904200182559
607,3.5129368254416398,49.10899513767119,3.5126755765145212,49.10902554607311
608,3.512965577671238,49.10897231274882,3.5127123201089914,49.109009044728516
609,3.512991843198395,49.108948203578194,3.51274868385419,49.108992285674425
610,3.513015597925433,49.1089229433198,3.5127838645926315,49.10897460587276
611,3.5130368177546702,49.1088966651343,3.5128167016667615,49.10895503472935
612,3.5130554785884263,49.108869502182564,3.512846662602327,49.10893335454255
613,3.513071556329022,49.108841587625726,3.512873739703855,49.10890997387741
614,3.5130850268787754,49.108813054625124,3.512897940823519,49.108885319854046
615,3.513095855970907,49.10878403712248,3.5129192558787845,49.10885975978386
616,3.5131037677207564,49.108754687593056,3.5129375905814806,49.10883338016652
617,3.513108240252516,49.108725177381274,3.512952825952007,49.10880618515983
618,3.5131087406465356,49.10869567867907,3.5129648430075573,49.10877817891077
619,3.513104775886076,49.10866635915841,3.5129734816461813,49.10874941410543
620,3.5130966316355905,49.108637298279056,3.5129783691933594,49.108720194361325
621,3.5130853020121715,49.10860849524405,3.5129790644855206,49.10869090414463
622,3.513071806950767,49.10857994633172,3.5129751263259408,49.10866192796151
623,3.5130571369693073,49.10855164667028,3.512966316536396,49.10863358520279
624,3.5130418041694838,49.10852357268407,3.512953553685326,49.108605824243845
625,3.513025931768071,49.108495685593766,3.5129381654300427,49.10857846224835
626,3.5130096317124084,49.108467946179395,3.5129214799001804,49.10855131622804
627,3.5129930159498373,49.10844031522087,3.512904682239146,49.10852422170953
628,3.5129761964276995,49.10841275349803,3.5128880612101647,49.10849713029181
629,3.512959285093335,49.10838522179063,3.5128715589807324,49.108470038454584
630,3.512942393889249,49.10835768088002,3.5128551170737157,49.108442942782446
631,3.512925609213376,49.1083301004962,3.5128386935755267,49.10841584115284
632,3.5129089322871967,49.10830248020805,3.5128222812063243,49.10838873414652
633,3.5128923466005735,49.10827482579622,3.512805877032524,49.10836162268349
634,3.512875835643369,49.10824714304135,3.5127894781205344,49.1083345076837
635,3.5128593829054435,49.10821943772409,3.512773081536773,49.108307390067225
636,3.5128429718766587,49.10819171562508,3.5127566843476496,49.10828027075399
637,3.5128265860468777,49.10816398252502,3.5127402836195802,49.108253150664034
638,3.512810208905962,49.10813624420458,3.5127238764189768,49.10822603071736
639,3.5127938239437717,49.10810850644445,3.5127074598122525,49.10819891183397
640,3.5127774146501705,49.10808077502539,3.5126910308658204,49.108171794933874
641,3.51276096451502,49.10805305572808,3.512674586646095,49.108144680937066
642,3.51274445702818,49.108025354333286,3.5126581242194876,49.108117570763575
643,3.5127278756795137,49.107997676621736,3.5126416406524137,49.10809046533341
644,3.512711203958883,49.107970028374226,3.5126251330112854,49.1080633655666
645,3.51269442535615,49.107942415371504,3.512608598362516,49.10803627238314
646,3.5126775234721306,49.10791484335163,3.5125920341260906,49.10800918662986
647,3.512660497989815,49.10788731185735,3.5125754459186265,49.10798210745685
648,3.512643381367957,49.10785980780516,3.5125588475893323,49.107955032309945
649,3.5126262100555348,49.107832316574466,3.5125422533481863,49.10792795856034
650,3.51260902050152,49.10780482354453,3.5125256774051636,49.1079008835792
651,3.512591849154891,49.10777731409466,3.512509133970241,49.10787380473767
652,3.5125747324646213,49.1077497736041,3.512492637253396,49.10784671940692
653,3.5125577068796865,49.10772218745209,3.512476201464603,49.10781962495809
654,3.5125408044740563,49.10769454258788,3.5124598382665666,49.10779251915985
655,3.512523764058944,49.10766693120588,3.51244347773498,49.107765412512244
656,3.512505851257895,49.10763961531676,3.512426953072223,49.10773833063227
657,3.5124862887319974,49.107612872349996,3.51241009184784,49.107711300015936
658,3.512464305537485,49.10758697929746,3.512392711440571,49.10768435274005
659,3.5124394471815985,49.10756219146587,3.5123742381975984,49.107657735021455
660,3.5124117144720883,49.107538732961714,3.512353593453742,49.10763196963653
661,3.5123811435389793,49.107516825471286,3.5123296650882643,49.107607597684
662,3.512347773849857,49.107496689356275,3.5123014797730794,49.107585138080665
663,3.5123117712564484,49.10747849481043,3.5122691810550215,49.107564931236865
664,3.512273463868139,49.107462347619375,3.5122334510836977,49.107547231479664
665,3.512233190447291,49.10744834933998,3.5121949754791206,49.107532292581475
666,3.5121912897562613,49.10743660152891,3.5121544188124774,49.10752034656653
667,3.512148100557412,49.10742720574266,3.512112257597498,49.10751143115419
668,3.5121039616130996,49.10742026353746,3.5120688694212157,49.10750548185024
669,3.5120592116856852,49.10741587646927,3.5120246309883894,49.10750243324834
670,3.5120141868446737,49.10741414115207,3.511979937233338,49.1075022337884
671,3.5119691584695536,49.107415035488536,3.5119353645009492,49.10750496970545
672,3.5119243316815845,49.107418415792196,3.511891593149167,49.10751080624011
673,3.5118799085954655,49.10742413285896,3.5118493047681563,49.10751990956829
674,3.5118360913258972,49.10743203748447,3.5118091892656724,49.107532427862324
675,3.511793081987578,49.10744198046417,3.5117720290361305,49.10754830911248
676,3.5117510826952096,49.10745381259337,3.511738664204765,49.107567376353906
677,3.5117102955634913,49.10746738466723,3.511709935672092,49.107589450680386
678,3.5116709477260053,49.107482565316,3.51168577175609,49.107614008347234
679,3.511633676768279,49.10749951576572,3.5116629656485014,49.107639340941695
680,3.511599455784966,49.10751863641386,3.5116384238327383,49.10766385766244
681,3.5115692677098074,49.10754033467098,3.5116118843840827,49.10768730713933
682,3.5115439641393573,49.107564924773015,3.5115836450198357,49.1077097266064
683,3.511522583489257,49.10759143464517,3.511553709652814,49.10773110454095
684,3.511502813580071,49.107618031164066,3.511522012811007,49.10775141790582
685,3.5114819474003593,49.1076438360864,3.511488489022404,49.10777064366383
686,3.511457199689004,49.1076686107182,3.51145309455646,49.107788680270275
687,3.5114277975014816,49.107691749741626,3.511415876085224,49.10780509974065
688,3.511394272556807,49.107712402146625,3.5113769037742597,49.10781938925695
689,3.5113571784624176,49.107729712802275,3.5113362477891816,49.10783103600125
690,3.511317083930547,49.107742949915895,3.511294041972451,49.10783974490204
691,3.511274708785671,49.10775261559434,3.5112507114926435,49.107846217091996
692,3.5112308598526463,49.10775992234073,3.511206764783589,49.10785143843282
693,3.5111863445589377,49.107766090523306,3.511162707043984,49.10785638868267
694,3.5111417665681075,49.10777203665286,3.511118839304728,49.1078616618142
695,3.511097202892883,49.10777789188791,3.511075140448893,49.10786724308574
696,3.511052646594628,49.10778366219702,3.5110315609723095,49.107873064116525
697,3.511008090734702,49.10778935354873,3.510988051370811,49.10787905652584
698,3.5109635283744702,49.1077949719116,3.5109445621402307,49.10788515193299
699,3.510918952575295,49.107800523254184,3.5109010437764,49.10789128195731
700,3.51087435639854,49.10780601354505,3.5108574467751508,49.10789737821816
701,3.5108297330506355,49.10781144921524,3.5108137218148006,49.10790337075254
702,3.5107850964469813,49.1078169027196,3.5107698390923736,49.107909020336095
703,3.5107405012757718,49.10782257567672,3.5107258054079513,49.107913770332125
704,3.510695861897469,49.10782812739271,3.5106816315904736,49.107917029166934
705,3.510650819494833,49.107832148061085,3.510637328856895,49.107918207
706,3.510605464111247,49.107833084024676,3.510592965507383,49.1079169689635
707,3.510560750149424,49.10782935351182,3.510548726623559,49.10791350181547
708,3.5105175469254526,49.10782045048307,3.5105048115689574,49.10790805610654
709,3.510476414163854,49.10780770647931,3.510461430283306,49.107900862277
710,3.5104372070500722,49.10779266648198,3.510418949389621,49.10789185283943
711,3.510398702998567,49.10777692247218,3.5103778553292035,49.10788073247597
712,3.5103598985998783,49.107761581481206,3.510338637579815,49.10786720009456
713,3.510320273600025,49.10774701237621,3.5103016975670362,49.10785103850292
714,3.5102795192869367,49.10773370342615,3.5102659547687067,49.10783344258158
715,3.5102375723402073,49.107722402059856,3.510229148617628,49.10781678141045
716,3.510194388315643,49.10771387564194,3.5101899021576215,49.10780347816994
717,3.510149933019615,49.10770888080407,3.5101477066194935,49.107795889197824
718,3.510104555067547,49.10770777334928,3.510103411727853,49.10779480272048
719,3.510059091470911,49.107710397694596,3.5100590573106922,49.10779960553999
720,3.5100144110027087,49.107716564999535,3.5100167250514502,49.107809635169026
721,3.5099713677510174,49.10772608170786,3.5099783797148785,49.10782419259769
722,3.5099303837958242,49.10773861555198,3.5099434446188815,49.1078417849561
723,3.5098913892830454,49.10775367631198,3.50990897241331,49.10786020798054
724,3.509854287625038,49.107770765184384,3.5098740539011124,49.10787857598672
725,3.5098189713766383,49.10778938453466,3.509839761309639,49.10789729767551
726,3.509785075490623,49.10780906445365,3.509806242403284,49.10791644765285
727,3.509751972862898,49.107829363237045,3.509773284570579,49.107935961173176
728,3.5097190246407943,49.10784984044566,3.5097406747875253,49.10795577333144
729,3.5096856172646365,49.10787007121211,3.5097082113046882,49.1079758092814
730,3.509651630069978,49.10788993410963,3.509675763213493,49.10799593171318
731,3.5096173904647836,49.10790958355727,3.5096432270541,49.10801597911426
732,3.509583242159886,49.10792918401033,3.509610499426671,49.10803578991952
733,3.509549505266606,49.10794889163902,3.509577463709077,49.10805521128866
734,3.509516116342285,49.10796872796355,3.509543911414674,49.108074150997346
735,3.509482700299724,49.107988605098754,3.509509595067843,49.10809254254783
736,3.5094488730287137,49.10800843199202,3.5094742670513073,49.10811031953592
737,3.509414249454414,49.10802808128668,3.5094376945028816,49.108127366215605
738,3.509378431272293,49.10804692772338,3.509399758136459,49.10814318703628
739,3.509341010576254,49.10806398468675,3.509360391397976,49.108157110109055
740,3.5093015792446556,49.108078257450295,3.5093195283224574,49.1081684631109
741,3.509259788267362,49.108088806789176,3.509277217675561,49.10817677993194
742,3.5092159782846633,49.1080953410036,3.509233795795895,49.10818211133584
743,3.5091709360526364,49.10809798725895,3.5091896433528595,49.108184587764384
744,3.509125455815818,49.10809687975071,3.5091451410158587,49.10818433965878
745,3.5090803318187493,49.10809215267351,3.5091006694542917,49.108181497459746
746,3.509036358305962,49.10808394022119,3.5090566093375593,49.10817619160766
747,3.5089943295219976,49.10807237658696,3.509013341335065,49.10816855254258
748,3.5089550397113904,49.10805759596345,3.5089712460958506,49.10815871068342
749,3.508919187910253,49.10803975419977,3.5089306735979706,49.10814676506176
750,3.508886651787148,49.108019193980596,3.5088918814690655,49.10813272020202
751,3.508857109663928,49.10799633271247,3.508855110025416,49.108116562912755
752,3.5088320080668867,49.10797142161616,3.5088205995867288,49.1080982800147
753,3.5088132807941625,49.10794466243279,3.5087886061884186,49.10807791532321
754,3.5088001328210066,49.10791648747537,3.50875943778773,49.10805570095445
755,3.5087905318272603,49.107887433627106,3.508733413049742,49.10803190785814
756,3.508782443903883,49.10785803708841,3.5087108565935714,49.10800680259737
757,3.5087744681759556,49.10782866556636,3.5086922826023534,49.107980512064366
758,3.508766483649464,49.10779934610301,3.5086783899299623,49.107953006449115
759,3.508758523672735,49.10777006465917,3.5086685186528896,49.10792454508961
760,3.5087506215941,49.107740807195604,3.5086603479541982,49.10789574742702
761,3.5087428107618845,49.10771155967304,3.5086524572004447,49.10786697724787
762,3.5087351245244163,49.10768230805216,3.5086447137090078,49.10783824137209
763,3.508727596230026,49.10765303829362,3.508637069263873,49.107809523208914
764,3.5087202587321684,49.1076237364897,3.508629476039051,49.10778080631838
765,3.5087131124267392,49.10759439736568,3.5086219041317093,49.10775208119323
766,3.5087061057424873,49.107565029469065,3.5086143486583503,49.107723348003695
767,3.508699182438314,49.107535642589454,3.508606806594418,49.10769460763901
768,3.5086922862731247,49.10750624651652,3.5085992749153565,49.10766586098849
769,3.508685361005824,49.1074768510399,3.5085917505966107,49.10763710894137
770,3.5086783503953196,49.10744746594928,3.5085842306136246,49.10760835238695
771,3.5086711982005125,49.107418101034376,3.5085767119418443,49.10757959221448
772,3.508663848484253,49.10738876599214,3.5085691915310493,49.10755082932389
773,3.508656256649414,49.10735946705881,3.5085616644777344,49.10752206538433
774,3.508648392560406,49.1073302060572,3.5085541228093944,49.10749330333869
775,3.5086402270214836,49.107300984523285,3.5085465582651527,49.10746454624961
776,3.508631730836905,49.107271803993115,3.5085389625841326,49.10743579717968
777,3.5086228748109245,49.10724266600264,3.508531327505457,49.10740705919152
778,3.508613629747799,49.10721357208792,3.50852364476825,49.10737833534777
779,3.5086039664517834,49.10718452378492,3.508515906111635,49.107349628711056
780,3.508593876107412,49.10715552071454,3.5085081028056457,49.10732094235315
781,3.5085838345955853,49.10712651695049,3.508500166191687,49.10729228051002
782,3.5085748115238378,49.10709742017056,3.5084919094763847,49.10726364971267
783,3.508567798686232,49.107068135967474,3.5084831320467615,49.10723505676055
784,3.5085637642429974,49.10703857839032,3.5084736350826446,49.107206508330606
785,3.508563214492474,49.10700882675006,3.5084635452609296,49.10717798885232
786,3.5085662351673252,49.10697911084356,3.508453690354264,49.10714943483565
787,3.5085728966483365,49.10694966596138,3.508444989221623,49.107120776564756
788,3.508583261215489,49.10692072458013,3.508438330510661,49.107091949173494
789,3.5085972592277463,49.106892473342796,3.5084341204515614,49.107062965238505
790,3.5086147137191492,49.10686506160421,3.5084323777379374,49.10703389954821
791,3.508635444607898,49.1068386376369,3.5084331101140034,49.10700482864888
792,3.5086592718121943,49.10681334971364,3.5084363253239754,49.106975829087
793,3.5086860152502433,49.106789346107504,3.508442031112073,49.10694697740923
794,3.508715494840248,49.1067667750917,3.5084502352225084,49.10691835016238
795,3.5087475305004094,49.106745784939605,3.508460945399501,49.10689002389348
796,3.5087819410538503,49.1067265180815,3.508474169248844,49.106862077449506
797,3.5088185325253582,49.10670904865742,3.5084899114721364,49.10683463792983
798,3.508857102650329,49.10669340657615,3.5085081740140827,49.10680787823928
799,3.508897449024539,49.10667962100128,3.50852895871044,49.10678197309295
800,3.5089393600075343,49.10666773164179,3.5085522673969676,49.10675709720627
801,3.508982531320435,49.10665788397661,3.508578101909426,49.10673342529498
802,3.50902660524263,49.106650284501946,3.5086064640835737,49.10671113207508
803,3.5090712234082555,49.10664514045043,3.50863735575517,49.10669039226274
804,3.5091160507034167,49.10664261671041,3.5086707324070097,49.10667133883162
805,3.5091609534180503,49.10664251139349,3.508706265454276,49.10665384894088
806,3.5092059011320083,49.106644434509796,3.508743518753187,49.10663770288812
807,3.5092508642665683,49.106647994536864,3.5087820559569396,49.10662268078768
808,3.509295813243013,49.106652799952194,3.5088214847608694,49.10660861608264
809,3.5093407184826213,49.10665845923329,3.508861711060648,49.106595703296186
810,3.509385550406673,49.10666458085779,3.5089027644247177,49.1065842867027
811,3.509430279436449,49.106670773303485,3.508944674820282,49.10657471105963
812,3.5094748823462036,49.10667669477833,3.5089874542622357,49.10656727971903
813,3.5095193775477216,49.10668232942154,3.509030980251573,49.106561985788204
814,3.5095638002207186,49.10668779262865,3.50907506927412,49.10655868164792
815,3.5096081855909387,49.10669320015546,3.5091195375119946,49.10655721897818
816,3.50965256888413,49.10669866775777,3.509164201147319,49.10655744945878
817,3.509696985326039,49.10670431119127,3.50920887636221,49.1065592247693
818,3.509741470142412,49.10671024621165,3.50925337933879,49.106562396589204
819,3.509786058357496,49.106716582695896,3.5092975264193376,49.106566816488915
820,3.509830771595968,49.10672303960436,3.509341227942935,49.106572272088044
821,3.5098756099230863,49.10672870692666,3.5093846463285607,49.10657837950362
822,3.509920571454009,49.10673261776106,3.5094279858118016,49.106584726402914
823,3.509965651070206,49.10673381480032,3.5094714505622138,49.10659090058355
824,3.510010684846896,49.10673181191148,3.509515164689957,49.10659664766611
825,3.5100552810694627,49.10672679880838,3.509559016744302,49.10660217763726
826,3.510099030427579,49.10671901741049,3.5096028521672107,49.10660778546188
827,3.510141533264489,49.10670871517413,3.50964651642225,49.10661376605768
828,3.51018275272795,49.106696347657234,3.5096899280510776,49.10662025502356
829,3.510223116167326,49.106682636680425,3.5097332418504665,49.106626872895504
830,3.5102630812518703,49.10666832145616,3.5097766602726206,49.10663313631538
831,3.5103030972443676,49.1066541274238,3.5098203857657193,49.10663856192739
832,3.510343364266199,49.10664037180685,3.5098645463039495,49.10664270364639
833,3.510383797686467,49.10662690526421,3.5099090050423527,49.10664524791626
834,3.5104242973057427,49.106613552945625,3.5099535663002124,49.10664591062517
835,3.510464765282194,49.10660014410548,3.5099980250440472,49.10664439627707
836,3.5105051601640964,49.10658660617878,3.5100418363135453,49.10663999562291
837,3.51054549811973,49.10657296692263,3.510084047883591,49.10663151696046
838,3.510585797920996,49.10655925862737,3.510124515775292,49.106619277809585
839,3.5106260783397873,49.10654551358334,3.510164181703531,49.106605593363426
840,3.510666358148003,49.10653176408093,3.5102036729575197,49.106591913284205
841,3.510706656117537,49.10651804241053,3.510243086139805,49.10657831814498
842,3.5107469910202873,49.106504380862624,3.5102824796442595,49.10656478994622
843,3.5107873790903863,49.106490807869754,3.5103219113173085,49.10655131073299
844,3.5108277949938915,49.1064772886725,3.5103614095943665,49.1065378649434
845,3.510868179452841,49.1064637369094,3.5104009591968817,49.106524440572336
846,3.5109084721959696,49.10645006470891,3.5104405412966666,49.10651102590353
847,3.5109486373699412,49.10643621429337,3.5104801370655374,49.106497609220675
848,3.510988976468809,49.10642254365006,3.5105197276753097,49.10648417880745
849,3.5110299413341255,49.10640960670563,3.5105592942977975,49.10647072294755
850,3.5110707703123616,49.10639659735155,3.5105988181048153,49.10645722992462
851,3.5111099226314657,49.106381844029904,3.510638282436042,49.10644368945102
852,3.5111465569843814,49.10636455518478,3.510677693959806,49.106430106613594
853,3.5111802706140227,49.10634455823507,3.510717073551149,49.106416495861936
854,3.511210378843242,49.1063220718145,3.5107564422867004,49.106402871778556
855,3.5112360567178555,49.106297536987114,3.510795821243092,49.106389248945966
856,3.5112568530673505,49.10627128421395,3.5108352314969524,49.10637564194666
857,3.511272534393848,49.10624357803089,3.510874694124917,49.10636206536321
858,3.5112828698485856,49.1062146821719,3.5109142302036136,49.10634853377813
859,3.5112875548737454,49.10618491917165,3.5109538467068595,49.106335054867706
860,3.5112856448907985,49.106155122131426,3.51099335852032,49.10632154224028
861,3.5112761980693246,49.10612627228008,3.511032370268504,49.10630775507073
862,3.511260950971877,49.10609842939815,3.511069447159011,49.10629219769169
863,3.5112426817789393,49.106071248272464,3.511102389388109,49.10627256740928
864,3.511222254777573,49.106044696789745,3.5111292217354593,49.10624864801325
865,3.5111996616595462,49.106018886285156,3.5111481598543826,49.10622187549818
866,3.5111748897598556,49.1059939288103,3.5111574245001167,49.10619373002325
867,3.5111479259702967,49.10596994697198,3.5111558724604466,49.10616550816838
868,3.5111187542835047,49.10594713242212,3.511145175142632,49.10613769411261
869,3.511087357526627,49.105925704569486,3.511127782269325,49.106110547385235
870,3.5110537185236432,49.105905882898554,3.5111061435900512,49.10608432750835
871,3.5110178639199603,49.105887840974475,3.511082339305163,49.10605926891374
872,3.510980071150682,49.105871489565274,3.51105665779431,49.106035484376754
873,3.5109407067156075,49.105856646109686,3.511028845120756,49.106013049851896
874,3.510900137220813,49.105843127934655,3.510998647229718,49.10599204128567
875,3.5108586904475154,49.1058307849809,3.5109658834665254,49.10597253321508
876,3.5108164993374293,49.10581963085979,3.510930765118953,49.10595459265059
877,3.5107736358427424,49.10580973041567,3.5108936337654373,49.10593828410058
878,3.510730171894621,49.10580114851054,3.510854831071684,49.10592367207167
879,3.5106861794242312,49.105793950006266,3.5108146820337924,49.10591080962272
880,3.5106417303627393,49.10578819976468,3.5107734135122985,49.10589968241855
881,3.510596896641313,49.10578396264756,3.5107312165759725,49.105890251544096
882,3.5105517511021587,49.10578130286309,3.510688282093738,49.10588247817449
883,3.5105064006917415,49.10578026016008,3.5106447819419953,49.105876339723416
884,3.5104609959144857,49.1057808430476,3.5106008504888484,49.10587184567428
885,3.510415690112151,49.105783057999716,3.5105566177048453,49.10586900927032
886,3.5103706366264955,49.1057869114903,3.5105122135605296,49.105867843754545
887,3.510325988799279,49.10579240999305,3.510467768026449,49.10586836236987
888,3.5102818999722603,49.10579955998154,3.5104234110731465,49.10587057835898
889,3.510238523487197,49.10580836792911,3.510379272671173,49.10587450496442
890,3.5101960118406925,49.10581883808382,3.5103354829627005,49.105880155463495
891,3.510154497406521,49.10583092171225,3.510292219720614,49.10588755282542
892,3.5101140920480502,49.1058445160793,3.5102497731271898,49.10589674289302
893,3.5100749067059587,49.10585951602046,3.5102084495737382,49.10590777480712
894,3.5100370476885705,49.10587581691796,3.510168555250762,49.10592069755755
895,3.5100005307141022,49.10589332484592,3.5101303039263807,49.105935490727006
896,3.5099652889765345,49.10591195561839,3.5100936706104524,49.10595195459668
897,3.5099312526550666,49.1059316254053,3.5100585922737007,49.10596986088137
898,3.509898323122856,49.105952226088384,3.5100249927895453,49.1059889759131
899,3.509865932536263,49.10597325392324,3.5099925210187166,49.10600895299149
900,3.5098331312595974,49.10599388325342,3.5099605646351075,49.10602933806674
901,3.509798958569429,49.10601327907507,3.509928500982771,49.106049672844165
902,3.5097625144249815,49.10603065425038,3.509895715050617,49.10606950113751
903,3.509723729383967,49.10604587679521,3.50986177821525,49.10608841814953
904,3.5096831359940874,49.10605928955798,3.509826454301159,49.10610607214258
905,3.509641280273612,49.106071246011744,3.5097895159901236,49.106122113821485
906,3.509598666872345,49.10608200729714,3.5097507469273497,49.10613620458711
907,3.509555318254971,49.10609075834702,3.50971024175363,49.10614830924336
908,3.5095109902744963,49.10609615062352,3.509668442796214,49.10615873179178
909,3.50946591988176,49.106098573753236,3.5096258107125755,49.10616779411616
910,3.5094206096663076,49.1060994128761,3.5095827955777823,49.10617579342455
911,3.5093752558707827,49.10609934799677,3.509539491740921,49.1061821974667
912,3.509329876025116,49.10609864461012,3.509495571649426,49.10618551230875
913,3.5092844855183802,49.10609756324541,3.5094510624282385,49.1061858831346
914,3.509239098594286,49.10609634634629,3.509406427674677,49.10618540369494
915,3.509193719598476,49.10609508006141,3.5093618197959877,49.10618477741167
916,3.5091483478099743,49.10609377053532,3.50931723679071,49.10618401788635
917,3.5091029824668154,49.106092423265316,3.50927267590696,49.10618313536806
918,3.5090576228070356,49.10609104374872,3.5092281343928526,49.106182140105886
919,3.5090122680686684,49.10608963748281,3.5091836094965037,49.10618104234887
920,3.5089669174897486,49.10608820996488,3.5091390984660302,49.10617985234614
921,3.5089215703083125,49.106086766692265,3.5090945985495465,49.106178580346715
922,3.508876225762394,49.106085313162254,3.5090501069608897,49.10617723687623
923,3.5088308830900274,49.106083854872146,3.509005620598599,49.10617583500365
924,3.508785541529248,49.10608239731924,3.5089611361914055,49.10617438916776
925,3.5087402003180923,49.106080946000866,3.508916650466394,49.106172913820586
926,3.508694858694592,49.10607950641429,3.5088721601506534,49.10617142341418
927,3.5086495158967845,49.10607808405685,3.5088276619712713,49.10616993240056
928,3.508604171162705,49.106076684425844,3.5087831526553357,49.106168455231774
929,3.508558823730386,49.106075313018586,3.5087386289307068,49.10616700635776
930,3.5085134730448186,49.10607396375629,3.5086940900059256,49.10616559354653
931,3.5084681195923504,49.106072572311476,3.50864954307672,49.10616420305177
932,3.5084227641861476,49.106071056075905,3.508604996943221,49.10616281680555
933,3.5083774076394945,49.10606933243487,3.508560460405558,49.106161416739944
934,3.5083320513626854,49.106067403256844,3.508515942263861,49.106159984787034
935,3.508286699405403,49.10606564391166,3.5084714513182615,49.10615850287889
936,3.5082413565464927,49.10606453295299,3.5084269963688888,49.106156952947565
937,3.508196027564848,49.106064548937944,3.5083825862158635,49.10615531692516
938,3.508150744856418,49.106066098288274,3.5083382163048724,49.106153637254785
939,3.5081056481274007,49.106069307132984,3.508293830030281,49.10615219223205
940,3.50806090314452,49.106074233531274,3.508249358106537,49.1061513176072
941,3.5080166756740607,49.10608093553743,3.5082047312480924,49.106151349130556
942,3.5079731280620607,49.10608943376272,3.508159956395609,49.106152633432266
943,3.507930410971365,49.10609962091799,3.5081153675086902,49.10615556381853
944,3.507888672572338,49.10611136242788,3.5080713862253607,49.10616054610986
945,3.507848045628178,49.106124515947144,3.5080284327519458,49.1061679820444
946,3.5078082940940942,49.10613875314073,3.507986849776367,49.106178052495004
947,3.5077688602101804,49.1061535971397,3.5079468644529266,49.10619060915694
948,3.5077303662383947,49.10616946286778,3.5079086945185707,49.10620547689338
949,3.507694544825978,49.106187590291924,3.5078725577102414,49.10622248056734
950,3.507662262421931,49.1062083687219,3.5078386717648797,49.1062414450418
951,3.507633551459589,49.106231378337895,3.5078072544194314,49.10626219517979
952,3.507608413770423,49.106256169631884,3.5077785234108387,49.10628455584437
953,3.5075868408580613,49.10628230127423,3.5077526957454697,49.10630835192104
954,3.5075686554679666,49.10630946556109,3.5077299241152593,49.10633341025263
955,3.507553542753521,49.10633746373641,3.5077102475281583,49.106359561141886
956,3.507541183855053,49.10636610022215,3.507693693371684,49.10638663524541
957,3.507531287314678,49.10639518263888,3.5076802890333596,49.10641446322011
958,3.5075239391395403,49.10642456266342,3.5076700619007064,49.106442875723275
959,3.5075195001147614,49.10645412404369,3.507663039361244,49.10647170341253
960,3.5075183372385794,49.10648375125297,3.5076592488024945,49.106500776945865
961,3.5075207677437077,49.10651333149634,3.5076587128383903,49.10652992833627
962,3.507526525175682,49.10654278401593,3.507661389053876,49.10655900804987
963,3.507534964041564,49.1065720488583,3.5076671880573556,49.10658787988335
964,3.5075454324193864,49.106601066423025,3.5076760194142373,49.106616407929614
965,3.507557373133381,49.10662976922485,3.5076877668656925,49.10664446625327
966,3.507571181511747,49.106658010509186,3.5077019156026314,49.1066720828086
967,3.5075876264422114,49.106685637243,3.5077176376795673,49.10669940645888
968,3.5076058314111904,49.10671286499748,3.5077340967216757,49.10672658932183
969,3.507624147477428,49.10674008041064,3.507750483280399,49.10675377867875
970,3.5076420305983,49.106767409918014,3.507766461734306,49.10678103670859
971,3.50765950934384,49.10679484516198,3.507782101278829,49.10680835288287
972,3.507676616987704,49.10682237667768,3.5077974841263284,49.106835714335226
973,3.507693386803552,49.10684999500025,3.5078126924891606,49.10686310819932
974,3.5077098520650383,49.106877690664916,3.507827808579686,49.106890521608854
975,3.5077260460458244,49.10690545420686,3.5078429146102623,49.10691794169752
976,3.5077420020195667,49.10693327616132,3.507858092793248,49.10694535559907
977,3.5077577571836196,49.10696114665155,3.507873401907845,49.10697275442428
978,3.5077733745402266,49.10698905309147,3.5078887737600426,49.10700015083325
979,3.507788927516175,49.10701698180045,3.5079040973497015,49.107027564750936
980,3.5078044895673823,49.10704491909486,3.5079192616438997,49.107055016107836
981,3.507820002122178,49.10707287613956,3.507934155609716,49.10708252483437
982,3.5078346466350556,49.10710100713146,3.5079486682142265,49.10711011086094
983,3.507847579563863,49.107129470431964,3.507962688424511,49.10713779411789
984,3.507859285027323,49.10715817161903,3.5079761052076477,49.10716559453552
985,3.5078705683425166,49.10718695499802,3.5079888262308443,49.10719352849287
986,3.5078816081146957,49.107215783604445,3.508000882693948,49.10722158890969
987,3.5078923856068625,49.107244657860214,3.5080123559025265,49.107249759190466
988,3.507902882009293,49.10727357820106,3.50802332730534,49.107278022712556
989,3.5079130785122628,49.107302545062616,3.5080338783511467,49.10730636285335
990,3.5079229563060466,49.10733155888059,3.5080440904887094,49.10733476299028
991,3.507932496580923,49.10736062009068,3.508054045166788,49.107363206500814
992,3.507941680527178,49.10738972912856,3.5080638237659123,49.10739167677675
993,3.507950507612243,49.10741888439437,3.5080734871392183,49.10742016151437
994,3.507959048544597,49.107448076354075,3.5080830469291073,49.107448658728984
995,3.5079673913879703,49.1074772935408,3.5080925075564733,49.10747716795021
996,3.5079756242060895,49.10750652448768,3.5081018734422127,49.10750568870767
997,3.5079838350626793,49.107535757727874,3.508111149007225,49.107534220530994
998,3.5079921120214674,49.107564981794596,3.5081203386724065,49.10756276294978
999,3.5080005431461823,49.10759418522108,3.5081294468586526,49.10759131549367
1000,3.508009216479914,49.10762335654327,3.50813847798686,49.10761987769229
1001,3.508018188055517,49.107652488502566,3.508147436477926,49.107648449075235
1002,3.50802741723743,49.10768158654032,3.5081563267527476,49.10767702917215
1003,3.508036845213531,49.10771065848585,3.508165153232221,49.10770561751268
1004,3.5080464131717015,49.107739712168474,3.5081739203372426,49.1077342136264
1005,3.5080560622998185,49.10776875541745,3.508182632488711,49.10776281704299
1006,3.508065733785762,49.10779779606207,3.5081912941075197,49.10779142729205
1007,3.508075368817408,49.10782684193156,3.508199909614568,49.107820043903224
1008,3.5080849085826395,49.10785590085518,3.5082084834307525,49.107848666406134
