left_lat,left_long,left_elev,right_lat,right_long,right_elev
49.10785590085517,3.508084908582639,199.29535,49.10784866640613,3.508208483430752,199.03526
49.107884978928496,3.5080943072315054,199.47415,49.10787729430552,3.5082170199536526,199.0914
49.10791407531279,3.508103570762747,199.49312,49.10790592700663,3.5082255234875914,199.26979
49.10794318743565,3.5081127181372787,199.68494,49.10793456388975,3.508233998313575,199.32767
49.10797231272476,3.508121768316012,199.86084,49.10796320433526,3.5082424487126085,199.53601
49.10800144860775,3.508130740259862,200.004,49.107991847723454,3.508250878965697,199.75443
49.10803059251228,3.5081396529297413,200.30249,49.10802049343471,3.508259293353849,199.90666
49.10805974186599,3.5081485252865643,200.51851,49.10804914084932,3.508267696158069,200.2732
49.10808889409661,3.5081573762912446,200.95528,49.10807778934765,3.5082760916593627,200.41753
49.10811804663175,3.5081662249046937,201.08987,49.108106438310045,3.5082844841387373,200.7502
49.10814719689912,3.5081750900878266,201.4534,49.10813508711684,3.5082928778771976,200.81691
49.1081763423264,3.508183990801556,201.70587,49.10816373514837,3.50830127715575,201.06427
49.10820548034128,3.508192946006797,201.86388,49.108192381785,3.5083096862554,201.07028
49.10823460837144,3.5082019746644617,202.07579,49.10822102640704,3.508318109457155,201.28407
49.10826372384463,3.5082110957354637,202.23203,49.10824966839488,3.5083265510420194,201.25925
49.10829282418853,3.508220328180716,202.44417,49.108278307128856,3.508335015291,201.50401
49.10832190683858,3.5082296909037134,202.62129,49.1083069419893,3.508343506485103,201.67087
49.108350971654815,3.50823918476696,202.86264,49.10833557219773,3.508352030133362,201.8597
49.10838002435779,3.508248767025907,203.11642,49.10836419603908,3.508360598985581,202.20686
49.10840907153599,3.508258388478002,203.08484,49.10839281145618,3.508369228436259,202.234
49.10843811977784,3.508267999920692,203.22354,49.10842141639137,3.50837793388379,202.4715
49.10846717567177,3.5082775521514264,203.17885,49.10845000878699,3.5083867307265697,202.49884
49.10849624580622,3.5082869959676524,203.31335,49.108478586585406,3.508395634362995,202.71587
49.10852533676957,3.5082962821668184,203.31328,49.10850714772893,3.50840466019146,202.78531
49.10855445511421,3.5083053618169737,203.54341,49.108535690159954,3.508413823610358,203.06467
49.10858360335285,3.508314216337689,203.82443,49.10856421227478,3.5084231366425445,203.21259
49.10861277631837,3.508322884851509,204.05006,49.10859271574165,3.5084325869797515,203.63248
49.108641967983885,3.508331412940262,204.452,49.10862120366352,3.508442151644984,204.15685
49.108671172322566,3.5083398461857875,204.64801,49.10864967914942,3.5084518076157942,204.39705
49.10870038330759,3.5083482301699203,204.97165,49.10867814530842,3.5084615318697288,204.84377
49.10872959491216,3.5083566104744968,205.13663,49.10870660524958,3.508471301384339,205.0362
49.10875880110944,3.508365032681351,205.45026,49.10873506208191,3.5084810931371737,205.43253
49.10878799592195,3.508373542000038,205.79312,49.10876351891402,3.508490884109378,205.64832
49.10881717611984,3.508382162867358,205.9843,49.10879197865816,3.508500652977008,206.00134
49.108846342617376,3.5083908883909274,206.409,49.10882044371723,3.5085103828117283,206.22285
49.10887549667216,3.508399709082397,206.66312,49.10884891641276,3.5085200573884854,206.61176
49.10890463954184,3.5084086154534213,207.20271,49.108877399066166,3.508529660482217,206.84534
49.10893377248404,3.5084175980156505,207.44925,49.10890589399893,3.508539175867869,207.28242
49.10896289675637,3.5084266472807384,207.86807,49.10893440353248,3.508548587320381,207.4485
49.10899201361644,3.508435753760337,208.17525,49.10896292998828,3.508557878614696,207.70547
49.10902112432186,3.5084449079660978,208.31778,49.108991475687176,3.508567033529652,207.8067
49.10905023013028,3.508454100409672,208.49203,49.10902004169894,3.508576044512881,207.85843
49.109079332299245,3.508463321602714,208.599,49.10904862518422,3.508584931097417,207.83195
49.1091084320864,3.508472562056874,208.69206,49.109077222542304,3.508593718091654,207.86002
49.10913753074933,3.508481812283807,208.79344,49.10910583017248,3.508602430303993,207.8
49.10916662954564,3.5084910627951635,208.884,49.10913444447405,3.508611092542827,207.8474
49.10919572973292,3.508500304102593,209.10246,49.10916306184633,3.508619729616557,208.0
49.10922483256877,3.508509526717755,209.04576,49.10919167868866,3.5086283663335776,207.958
49.10925393916954,3.5085187221440357,209.191,49.10922029148898,3.508637026884538,208.12439
49.1092830476241,3.5085279031443664,209.11316,49.10924889977156,3.508645714297599,208.07538
49.10931215311161,3.508537102913907,209.2172,49.10927750678322,3.508654405655132,208.20345
49.10934125069364,3.508546355474021,209.13515,49.10930611599849,3.5086630764526308,208.19392
49.10937033543172,3.508555694846067,209.2189,49.10933473089184,3.508671702185585,208.24417
49.1093994023874,3.5085651550514045,209.1781,49.10936335493778,3.5086802583494867,208.2167
49.10942844662229,3.5085747701113985,209.21547,49.10939199161076,3.5086887204398263,208.26605
49.10945746319794,3.5085845740474046,209.16977,49.109420644385295,3.508697063952096,208.24835
49.10948644812042,3.508594594446675,209.18463,49.10944931663847,3.508705265084683,208.31482
49.109515411470525,3.508604763013067,209.06844,49.10947800682136,3.5087133356011866,208.31494
49.10954437413455,3.508614937838164,209.05556,49.1095067062341,3.508721338894035,208.36653
49.109573357275046,3.508624975131444,208.92847,49.10953540561505,3.5087293424118373,208.45407
49.10960238054694,3.5086347412819423,208.9014,49.10956409570257,3.5087374136032,208.4065
49.10963144455384,3.508644231322657,208.84279,49.10959276723507,3.508745619916733,208.50485
49.10966053684229,3.5086535284541664,208.86896,49.10962141095095,3.5087540288010404,208.5697
49.10968964470407,3.5086627175973493,208.88048,49.10965001758865,3.5087627077047343,208.64159
49.1097187561382,3.508671878959928,209.0,49.10967857888513,3.5087717168075607,208.79031
49.10974786678917,3.5086810417899867,209.08272,49.10970709699125,3.508781040479382,208.8912
49.10977697697423,3.5086902041905352,209.24506,49.10973558024979,3.5087906180139137,209.11143
49.10980608707765,3.508699363818049,209.4146,49.10976403708557,3.50880038810846,209.20985
49.10983519748364,3.5087085183290045,209.49043,49.10979247592324,3.508810289460325,209.38065
49.10986430857648,3.5087176653798795,209.6384,49.10982090518757,3.508820260766816,209.44772
49.10989342074039,3.5087268026271468,209.70633,49.10984933330321,3.508830240725239,209.56082
49.109922534359626,3.5087359277272854,209.82904,49.10987776869486,3.5088401680329,209.60803
49.10995164981842,3.5087450383367687,209.89368,49.10990622354866,3.508849949788468,209.69086
49.10998076750104,3.508754132112076,210.01299,49.10993475957862,3.508859077034176,209.73761
49.11000988779168,3.50876320670968,210.157,49.10996346254272,3.508866837941777,209.84114
49.11003901107461,3.508772259786059,210.20862,49.10999226638301,3.5088737835816666,210.00311
49.11006813773408,3.508781288997688,210.30383,49.11002100103901,3.5088813299214285,210.09674
49.11009726815431,3.508790292001044,210.35355,49.11004961654925,3.508889889313801,210.272
49.11012640271953,3.508799266452602,210.42442,49.11007815685871,3.5088990894492964,210.36429
49.11015554181398,3.508808210008839,210.49077,49.11010666829627,3.508908538098531,210.51712
49.11018468540664,3.5088171231730145,210.56107,49.11013518983995,3.5089179053430213,210.60857
49.11021383091507,3.508826023939529,210.69089,49.11016372862056,3.5089271312275274,210.74559
49.11024297478841,3.5088349369414367,210.7329,49.11019228314608,3.5089362288910144,210.83496
49.110272113473975,3.508843886824521,210.88785,49.1102208519244,3.508945211473716,210.95782
49.1103012434191,3.508852898234564,210.92883,49.1102494334633,3.5089540921158653,211.04019
49.110330361071135,3.5088619958173504,211.0227,49.11027802627068,3.508962883957697,211.14667
49.11035946287738,3.508871204218662,211.02206,49.11030662885437,3.508971600139445,211.20479
49.11038854528523,3.508880548084284,211.03601,49.11033523972228,3.508980253801345,211.22533
49.11041760644408,3.508890040603112,210.98756,49.1103638573822,3.508988858083631,211.18826
49.110446652550415,3.508899640797297,210.98547,49.11039248034201,3.508997426126535,211.16562
49.1104756921766,3.50890929169655,210.94476,49.11042110710961,3.5090059710702928,211.08652
49.11050473389526,3.508918936328229,210.94534,49.110449736192855,3.5090145060551388,211.0499
49.11053378627908,3.5089285177197,210.96443,49.11047836609962,3.5090230442213066,210.98439
49.11056285790067,3.508937978898325,211.0,49.110506995337786,3.50903159870903,210.96533
49.110591957332645,3.5089472628914677,211.10313,49.11053562241523,3.5090401826585444,210.97006
49.11062109314703,3.5089563127297367,211.22809,49.11056424567755,3.5090488101715382,211.00002
49.11065025236007,3.508965200399293,211.29852,49.11059284353158,3.5090576134697704,211.09865
49.11067934322255,3.5089744690937046,211.44592,49.11062135549707,3.509066955147744,211.22592
49.11070825599986,3.508984769604189,211.52296,49.11064971660324,3.509077224403639,211.29628
49.11073688096129,3.5089967526673265,211.67519,49.110677861894885,3.5090888097574564,211.44792
49.11076512005558,3.509010896677151,211.74886,49.11070572909932,3.509101982056448,211.52702
49.11079291278766,3.50902712583568,211.8857,49.110733261660016,3.5091167613925007,211.67851
49.11082020619663,3.5090452531691607,211.94623,49.11076040375392,3.509133135683496,211.75278
49.11084694735192,3.5090650917186244,212.04356,49.110787099594,3.5091510928099865,211.88733
49.11087311003053,3.509086467588805,212.07513,49.11081330272768,3.50917061092837,211.94681
49.11089874372137,3.509109243918118,212.10756,49.11083898845479,3.5091916455346044,212.00311
49.11092391123713,3.5091332903622527,212.1111,49.11086413516746,3.509214148903256,212.10121
49.11094867518455,3.5091584768140973,212.108,49.110888721257865,3.5092380733088864,212.13982
49.11097301945431,3.5091847638785856,212.0908,49.11091272511816,3.5092633710260617,212.17126
49.11099673079616,3.509212339345585,212.08563,49.11093612514054,3.5092899943293463,212.21078
49.11101956559715,3.509241425995328,212.1012,49.11095889971726,3.5093178954933064,212.21768
49.11104128097666,3.50927224575589,212.12167,49.11098102309352,3.5093470311948898,212.21896
49.11106178500947,3.509304844797029,212.12155,49.11100238401536,3.5093774488751097,212.19894
49.1110813205278,3.5093388795273763,212.12892,49.11102279088429,3.5094092812671973,212.14316
49.11110017534327,3.509373953985051,212.1157,49.1110420489872,3.509442664411074,212.03912
49.11111863580591,3.509409673683954,212.0751,49.11105997190801,3.5094777243099453,211.89812
49.1111368031364,3.509445831124756,211.99689,49.11107657147473,3.5095143471508146,211.74614
49.11115441443578,3.509482586581767,211.88759,49.11109206196895,3.509552174211699,211.59679
49.11117116432528,3.509520143235791,211.76923,49.11110666681083,3.5095908357152017,211.46252
49.111186749106686,3.5095587029422184,211.65233,49.11112060314132,3.509629970782911,211.34601
49.11120100814321,3.5095983546981144,211.54631,49.11113391251671,3.509669467387435,211.21416
49.1112140310117,3.5096389901117924,211.41081,49.11114644162026,3.5097094896897727,211.13689
49.11122593252204,3.5096804808854305,211.32071,49.11115802698556,3.509750216236005,211.07614
49.11123682748401,3.5097226987212125,211.2883,49.11116850738252,3.50979182027345,211.07686
49.11124683070717,3.50976551532132,211.25395,49.111177795638085,3.5098342995738525,211.15457
49.11125605700098,3.5098088023879352,211.337,49.111185893931406,3.5098774401915325,211.19981
49.111264621174726,3.5098524316232416,211.3782,49.11119280977076,3.509921015553481,211.2463
49.11127260870263,3.5098962872890542,211.47995,49.11119855423238,3.509964816591254,211.27443
49.11127986622232,3.5099403559038778,211.49048,49.111203164809965,3.510008763840139,211.20369
49.11128612405089,3.5099846737883453,211.44272,49.11120669085632,3.5100528360159213,211.01393
49.11129111172598,3.510029277596815,211.33641,49.11120918178049,3.510097012110796,210.86212
49.11129460516587,3.510074193258047,211.18552,49.11121068699146,3.5101412711169537,210.61977
49.11129670893676,3.510119370700228,211.01985,49.11121125589813,3.510185592026587,210.46191
49.11129766955163,3.510164727026017,210.76498,49.11121093790936,3.51022995383189,210.31793
49.111297734085845,3.5102101792079967,210.60486,49.11120978243394,3.510274335525055,210.14813
49.11129712196178,3.510255649350607,210.40369,49.111207838880645,3.5103187160982747,210.08755
49.11129588158191,3.510301091296323,210.31232,49.111205156658194,3.5103630745437417,210.08333
49.1112939960448,3.5103464710067858,210.27301,49.11120178517531,3.5104073898536505,210.12015
49.11129144831877,3.510391754467796,210.29652,49.11119777384067,3.5104516410201905,210.17416
49.11128822137216,3.510436907665154,210.37386,49.11119317206295,3.510495807035556,210.22243
49.1112842981732,3.510481896584664,210.38078,49.11118802925084,3.5105398668919414,210.26216
49.11127966169016,3.510526687212125,210.43501,49.11118239481302,3.510583799581537,210.29745
49.11127429489125,3.5105712455333395,210.4795,49.11117631815099,3.5106275840949404,210.3338
49.11126820886391,3.5106155564081973,210.4719,49.11116982748484,3.5106711947039853,210.31763
49.1112615484484,3.510659694473432,210.5311,49.11116288326892,3.510714590583799,210.3536
49.11125449821138,3.510703761030676,210.55988,49.111155432433954,3.510757727896752,210.28441
49.111247242726,3.5107478573858724,210.53006,49.11114742191066,3.510800562805213,210.24677
49.11123989303056,3.510792034460588,210.47916,49.111138798629646,3.5108430514715523,210.0347
49.1112322528024,3.5108361325800934,210.38785,49.11112950952151,3.5108851500581424,209.9052
49.11122404542603,3.510879937055028,210.14001,49.11111950151677,3.510926814727352,209.68518
49.11121499428699,3.510923233196989,209.97052,49.11110872154588,3.5109680016415767,209.53749
49.11120489705083,3.5109658604370964,209.7607,49.11109714433611,3.511008686082441,209.33145
49.11119382433945,3.5110078570788232,209.5556,49.11108485220591,3.511048917334953,209.13074
49.11118190945679,3.511049307094914,209.31425,49.1110719535014,3.511088762586451,208.98795
49.11116928570692,3.5110902944581137,209.15834,49.11105855656883,3.5111282890242737,208.887
49.11115608639396,3.511130903141168,209.0379,49.11104476975455,3.51116756383576,208.84474
49.111142444822185,3.511171217116824,209.0127,49.11103070140499,3.51120665420825,208.83286
49.111128494296,3.511211320357826,208.99799,49.11101645986669,3.5112456273290804,208.8281
49.11111436808749,3.5112512968166545,209.01245,49.11100215270751,3.5112845499056977,208.80344
49.11110016949413,3.5112912117393336,208.98212,49.11098784597552,3.5113234630632437,208.73715
49.11108591638261,3.5113310770565698,208.98936,49.1109735441936,3.511362370018276,208.59558
49.11107161149991,3.5113708952632368,208.8716,49.11095924690967,3.511401270922044,208.39275
49.111057257592975,3.5114106688542024,208.68979,49.1109449536716,3.511440165925793,208.16765
49.11104285740876,3.5114504003243407,208.48048,49.11093066402732,3.5114790551807733,207.93826
49.11102841369428,3.511490092168521,208.3313,49.11091637752474,3.5115179388382334,207.7154
49.11101392919648,3.511529746881618,208.02933,49.11090209371173,3.511556817049417,207.56842
49.11099940666234,3.511569366958501,207.81192,49.11088781213623,3.5115956899655765,207.37671
49.11098484883886,3.511608954894043,207.6098,49.11087353234612,3.511634557737958,207.20528
49.11097025847299,3.511648513183113,207.42789,49.110859253889295,3.5116734205178086,207.05008
49.110955638311765,3.5116880443205853,207.33588,49.11084497631367,3.511712278456377,206.98767
49.11094099110214,3.51172755080133,207.25177,49.110830699167145,3.511751131704912,206.94444
49.11092631959112,3.5117670351202195,207.22324,49.11081642199761,3.5117899804146595,206.93301
49.11091162652573,3.511806499772124,207.25882,49.11080214435296,3.511828824736868,206.92609
49.11089691465292,3.511845947251916,207.26,49.11078786578113,3.511867664822788,206.93823
49.11088218671973,3.511885380054467,207.29388,49.11077358582997,3.511906500823664,206.85263
49.11086744547315,3.5119248006746484,207.20915,49.1107593040474,3.511945332890745,206.68771
49.110852693660206,3.5119642116073324,207.04773,49.11074501998133,3.51198416117528,206.45956
49.11083793402789,3.512003615347389,206.848,49.11073073317962,3.512022985828514,206.19937
49.11082316932324,3.512043014389691,206.62035,49.1107164431902,3.5120618070016976,206.0065
49.11080840229328,3.5120824112291094,206.4947,49.11070214956095,3.5121006248460787,205.69669
49.11079363568501,3.512121808360516,206.14551,49.11068785183976,3.512139439512903,205.25514
49.11077887224549,3.5121612082787825,205.83575,49.110673549574535,3.512178251153421,204.91086
49.11076411472172,3.51220061347878,205.50346,49.11065924231317,3.51221705991888,204.70401
49.110749365860734,3.5122400264553804,205.16954,49.11064492960355,3.512255865960525,204.4285
49.11073462840959,3.5122794497034544,205.04353,49.11063061099357,3.512294669429607,204.25555
49.110719905115296,3.512318885717874,204.84534,49.11061628603114,3.512333470477374,204.16333
49.11070519872495,3.5123583369935125,204.70862,49.11060195426413,3.512372269255073,204.2197
49.11069051198555,3.5123978060252385,204.61534,49.11058761524042,3.5124110659139496,204.19072
49.11067584764416,3.5124372953079264,204.53491,49.11057326850794,3.5124498606052565,204.14386
49.11066120844784,3.5124768073364447,204.48022,49.11055891361456,3.5124886534802373,204.03732
49.11064659654281,3.5125163440593954,204.305,49.11054455035279,3.512527444713041,203.85292
49.11063201032216,3.512555904012936,204.11375,49.11053017983716,3.512566234601548,203.66357
49.110617446732455,3.5125954844180747,203.9114,49.11051580362656,3.512605023485236,203.44037
49.11060290271725,3.512635082493037,203.75806,49.11050142328027,3.5126438117036205,203.22508
49.11058837522005,3.5126746954560497,203.54585,49.11048704035755,3.512682599596209,203.02203
49.1105738611844,3.5127143205253395,203.26265,49.11047265641766,3.5127213875025145,202.88385
49.1105593575538,3.512753954919134,203.05319,49.11045827301987,3.512760175762049,202.69589
49.11054486127176,3.512793595855657,202.86336,49.110443891723456,3.512798964714322,202.51558
49.11053036928181,3.512833240553139,202.8271,49.11042951408768,3.512837754698845,202.3764
49.11051587852742,3.512872886229803,202.74178,49.11041514167184,3.512876546055132,202.25986
49.11050138595214,3.5129125301038773,202.67488,49.11040077603516,3.5129153391226904,202.22911
49.110486888499466,3.512952169393589,202.59772,49.110386418736965,3.5129541342410344,202.07622
49.11047238311288,3.512991801317163,202.57944,49.11037207133651,3.512992931749673,201.88844
49.11045786673587,3.513031423092828,202.38168,49.1103577353931,3.513031731988121,201.64023
49.11044333631193,3.513071031938809,202.10452,49.11034341246599,3.5130705352958875,201.46512
49.11042878878457,3.51311062507335,201.79419,49.110329104108416,3.513109342012938,201.15625
49.11041422255471,3.5131502009305544,201.48239,49.11031481007466,3.513148152613988,200.86087
49.11039964143445,3.5131897624588606,201.30058,49.1103005258171,3.5131869678959835,200.58253
49.11038505049145,3.5132293136541985,201.02591,49.110286246158594,3.513225788703028,200.31601
49.11037045479344,3.513268858512497,200.72295,49.11027196592202,3.5132646158792253,200.20476
49.11035585940812,3.5133084010296862,200.52231,49.11025767993021,3.513303450268676,199.96953
49.11034126940319,3.5133479452016947,200.33606,49.11024338300599,3.513342292715484,199.76074
49.11032668984635,3.513387495024453,200.27814,49.11022906997222,3.5133811440637497,199.5406
49.11031212577216,3.5134270544690005,200.12459,49.11021473557306,3.5134200050706434,199.47954
49.11029754876932,3.513466602438421,199.97327,49.11020029665548,3.513458790414076,199.37071
49.11028283409121,3.513506045631495,199.81999,49.11018544615203,3.5134971673382918,199.29807
49.11026783975096,3.51354527782538,199.68834,49.11016983700899,3.513534758901664,199.26111
49.110252423567935,3.5135841924050704,199.77682,49.1101531221254,3.513571188041721,199.26114
49.110236362106825,3.513622518145734,199.71675,49.11013483696175,3.5136057739869093,199.30074
49.11021922517773,3.513659564968285,199.68552,49.11011414629842,3.5136368772243665,199.32393
49.110200550188296,3.513694577152435,199.68802,49.11009062483367,3.5136633576013514,199.40369
49.1101798756845,3.5137267999618973,199.67584,49.11006541712976,3.513686298460235,199.43823
49.11015699181664,3.513755696007926,199.73099,49.11003920804713,3.513705732390394,199.42159
49.110132255150816,3.513781217196518,199.7895,49.110011798745255,3.513720030728426,199.41382
49.11010609968256,3.5138033823200674,199.86075,49.109983362827606,3.513729589521652,199.2109
49.110078958675,3.5138222115528674,199.92448,49.10995456396292,3.5137372783753613,199.1717
49.1100511671485,3.5138379102302637,199.98215,49.10992579472713,3.5137448752982947,199.01761
49.11002286397002,3.5138510533820195,199.93527,49.10989707856881,3.5137526362374696,198.91745
49.10999416470483,3.5138622599554763,199.90327,49.10986841623245,3.5137607235216883,198.84935
49.10996518479048,3.5138721477099883,199.63332,49.10983980804083,3.513769294402976,198.7133
49.10993602826067,3.513881228511317,199.59999,49.1098112367624,3.513778294813237,198.62347
49.10990677891168,3.513889826307645,199.37036,49.10978266166742,3.5137873878111243,198.40457
49.10987751846104,3.513898245742801,199.22507,49.10975404038374,3.5137962166852814,198.27002
49.1098483276395,3.5139067882172577,199.10901,49.10972533106273,3.5138044181094403,197.94443
49.10981922469326,3.5139155497884724,198.8614,49.1096965185934,3.513811290962036,197.75218
49.10979012908935,3.5139243018970565,198.78668,49.109667626821306,3.513815641958141,197.43768
49.10976095156808,3.513932787305803,198.47415,49.10963868266851,3.5138162389467618,197.16794
49.10973160465888,3.513940738602567,198.34981,49.10960974025296,3.513811946742601,197.0445
49.109702085175485,3.5139474090765965,197.95491,49.10958110864373,3.513802539177349,196.82855
49.10967250879537,3.513951376079981,197.61453,49.10955323634107,3.513788287215707,196.71112
49.10964300015848,3.5139511659993525,197.46674,49.10952657326558,3.513769466883104,196.48631
49.10961368215359,3.5139453650412644,197.20456,49.109501577403,3.513746335999872,196.3973
49.109584614163104,3.513934728384056,197.04404,49.10947879109101,3.513718961961875,196.2707
49.10955578161416,3.513922654517084,196.82042,49.10945880693568,3.513687298685096,196.14595
49.10952735719842,3.5139099223044195,196.55858,49.10944221821309,3.5136512985740245,195.98845
49.10949974012253,3.513894036830511,196.4,49.10942956793526,3.513611021471503,195.81273
49.109473277919655,3.5138737058718386,196.23773,49.10942081138754,3.513567783467595,195.81381
49.10944824518771,3.5138492037794595,195.92488,49.10941559559448,3.5135236287689997,195.66095
49.10942491265767,3.5138208879697608,195.74416,49.10941445923228,3.513479552665552,195.67436
49.1094035510609,3.5137891158591303,195.61208,49.10941844714523,3.5134358694359014,195.83868
49.109384431129016,3.5137542448639567,195.49518,49.10942729839718,3.513393360944537,195.84926
49.109367823593786,3.513716632400627,195.39346,49.10943979187776,3.5133530349641764,195.99998
49.10935399918696,3.5136766358855303,195.29314,49.10945422812162,3.5133143352938045,196.1343
49.10934319088091,3.5136346219487526,195.27065,49.10946891859791,3.513275848310419,196.13675
49.10933544974581,3.513591001606627,195.13757,49.10948353396777,3.513237294581844,196.25458
49.10933069335134,3.5135461942557566,195.1261,49.109498080749695,3.513198679868977,196.36615
49.10932848369316,3.5135005968735045,195.13702,49.10951256546221,3.5131600099327165,196.48328
49.10932872334518,3.5134548003798134,195.15549,49.10952699462383,3.51312129053396,196.52783
49.109333171886014,3.5134102393185804,195.18341,49.10954137475306,3.513082527433604,196.70912
49.10934315856639,3.5133680578690614,195.31746,49.10955571236838,3.513043726392548,196.88242
49.10935638562603,3.513327378158543,195.31482,49.1095700139883,3.513004893171687,197.05173
49.10937023362993,3.513287068433415,195.43427,49.10958428613127,3.5129660335319204,197.22342
49.10938420065384,3.513246901848952,195.55287,49.109598535315776,3.5129271532341457,197.26508
49.10939827400159,3.513206860629994,195.68593,49.10961276806028,3.5128882580392617,197.4626
49.10941244097711,3.513166927001381,195.67305,49.10962699088324,3.5128493537081624,197.69661
49.10942668888423,3.5131270831879533,195.8245,49.10964121030308,3.512810446001749,197.98038
49.10944100502688,3.513087311414548,196.0,49.10965543283828,3.5127715406809177,198.13156
49.10945537670896,3.513047593906008,196.18726,49.109669665007246,3.5127326435065664,198.47783
49.109469791236805,3.513007912890992,196.17775,49.109683913292606,3.5126937602084296,198.83464
49.109484238244114,3.5129682543128373,196.3436,49.10969818092367,3.51265489368504,199.1383
49.10949871404028,3.512928614769841,196.50781,49.10971246532191,3.512616041780599,199.21901
49.10951321612419,3.512888992758741,196.68338,49.1097267633076,3.5125772018161467,199.58015
49.10952774199468,3.512849386776276,196.71098,49.10974107170107,3.5125383711127234,199.98761
49.10954228915061,3.51280979531918,196.94876,49.10975538732263,3.512499546991371,200.43808
49.10955685509084,3.512770216884195,197.236,49.10976970699258,3.5124607267731305,200.89474
49.10957143731423,3.512730649968057,197.58276,49.10978402753126,3.5124219077790406,201.16522
49.10958603331964,3.512691093067504,197.84544,49.10979834575897,3.512383087330145,201.55084
49.109600640605954,3.5126515446792728,197.92068,49.10981265849605,3.5123442627474826,201.88
49.10961525667202,3.512612003300103,198.19238,49.10982696256281,3.5123054313520936,202.25592
49.10962987901675,3.5125724674267302,198.50034,49.10984125477962,3.5122665904650194,202.44975
49.109644505139,3.5125329355558947,198.86986,49.109855531966765,3.5122277374073003,202.67407
49.10965913253763,3.5124934061843307,199.328,49.10986979094463,3.5121888694999783,202.84073
49.109673758711565,3.5124538778087797,199.63725,49.10988402853355,3.512149984064094,202.94106
49.10968838115967,3.5124143489259776,200.29877,49.10989824155384,3.512111078420686,203.02435
49.10970299739245,3.512374818034927,200.80344,49.10991242771408,3.5120721504614703,203.05176
49.109717605951005,3.5123352838352786,201.29599,49.10992660064316,3.5120332083072405,203.17944
49.10973220720195,3.51229574538213,201.74408,49.10994078772772,3.5119942689183548,203.36992
49.10974680169906,3.512256201767008,201.97324,49.109955016807135,3.511955349546074,203.63112
49.10976138999607,3.5122166520814377,202.32593,49.10996935188952,3.51191650520907,203.89415
49.10977597264671,3.5121770954169462,202.5627,49.1099846024958,3.511878569390156,204.13828
49.10979055020477,3.512137530865061,202.65591,49.1100022377885,3.511843100922204,204.3148
49.10980512322398,3.512097957517308,202.59357,49.11002284884857,3.5118115521614035,204.50949
49.10981969159678,3.512058374027428,202.6326,49.110046134018994,3.511785195399137,204.68019
49.10983422419415,3.5120187585127645,202.71817,49.110071614112975,3.511764156065939,204.87927
49.10984864621364,3.511979060178616,202.88367,49.110098666928415,3.511747396844643,204.9957
49.10986287956804,3.5119392260556794,203.14963,49.11012666383624,3.5117338281554096,205.10954
49.10987686318575,3.5118992176239363,203.34808,49.11015498627515,3.5117223636582957,205.22974
49.10989114948249,3.511859517327196,203.70673,49.11018329567906,3.5117120071295456,205.42334
49.10990703560597,3.511821244773468,203.9361,49.11021156338291,3.5117018620870457,205.48627
49.1099250518452,3.511785020235456,204.14243,49.110239776788745,3.511691037219889,205.72243
49.10994476938465,3.5117508319831834,204.26976,49.11026782740611,3.511678500283313,205.80843
49.10996595324372,3.511718907939993,204.49176,49.110294967143126,3.511662279005774,206.09674
49.109988648863705,3.511689786591801,204.7756,49.11032023176215,3.5116402941002924,206.27081
49.11001291654655,3.511664022882629,205.09363,49.11034297549646,3.51161241071937,206.53442
49.11003880570348,3.511642146639331,205.31789,49.11036267751784,3.5115793568143285,206.65091
49.110066114747845,3.5116241087984688,205.58118,49.11037873193512,3.51154208920079,206.68373
49.11009439080752,3.5116092807413763,205.75763,49.11039071687548,3.511501694764004,206.72955
49.11012317006322,3.5115970085992294,205.95314,49.11039993281481,3.511459486829392,206.7623
49.11015200757407,3.5115866308314487,205.98627,49.11040832537145,3.5114167768016773,206.81102
49.11018081666501,3.5115773402981247,206.14539,49.1104165449565,3.51137399976015,206.97766
49.110209801129166,3.511568101864236,206.17667,49.11042460766262,3.511331162818604,207.07445
49.11023865488615,3.5115561837265776,206.3242,49.11043252529737,3.5112882701997643,207.17996
49.11026649788907,3.511537543822494,206.4272,49.11044030966829,3.5112453261263563,207.33014
49.11029033604454,3.5115100026226385,206.56839,49.11044797258295,3.5112023348211028,207.45763
49.11030592709015,3.51147315708012,206.6813,49.110455525848856,3.5111593005067263,207.60443
49.11031513063105,3.511430346789396,206.83519,49.11046298127415,3.5111162274062604,207.88889
49.11032323829436,3.5113865748630726,206.98845,49.11047035123545,3.511073120064345,208.09482
49.11033126755193,3.511342790959515,207.12811,49.11047764975722,3.5110299839575565,208.27962
49.11033922603869,3.511298996035766,207.3068,49.11048489116058,3.510986824730301,208.52234
49.11034712138956,3.511255191048868,207.3842,49.11049208976669,3.5109436480269878,208.66145
49.11035496123942,3.5112113769558637,207.55252,49.110499259896656,3.5109004594920195,208.79
49.11036275322319,3.511167554713795,207.66888,49.11050641587159,3.510857264769802,208.96753
49.11037050497575,3.5111237252797065,207.84204,49.11051357201261,3.5108140695047427,209.05612
49.11037822413199,3.5110798896106385,208.15039,49.11052074264081,3.5107708793412478,209.09456
49.11038591832676,3.5110360486636347,208.3233,49.11052794207729,3.510727699923721,209.04799
49.11039359519499,3.5109922033957384,208.49384,49.11053518464312,3.510684536896571,209.00003
49.11040126237152,3.51094835476399,208.71115,49.110542484659376,3.510641395904201,208.95605
49.11040892749121,3.5109045037254334,208.84929,49.110549856447136,3.51059828259102,208.93645
49.11041659818895,3.5108606512371106,209.03955,49.11055731432746,3.5105552026014317,209.0
49.11042428209959,3.5108167982560654,209.13712,49.110564872621374,3.5105121615798414,209.11417
49.11043198685796,3.510772945739339,209.18811,49.11057254564992,3.510469165170657,209.32584
49.11043972010941,3.5107290946634766,209.15536,49.11058034602557,3.510426218419951,209.48016
49.11044749173932,3.510685250186538,209.11388,49.1105882130633,3.510383300705384,209.6495
49.11045531664372,3.510641426819297,209.04425,49.11059598668095,3.510340356596214,209.88031
49.11046321039849,3.5105976403416124,209.01756,49.11060349971566,3.510297328182041,210.03294
49.11047118843305,3.510553906415258,209.05554,49.11061059172787,3.510254159129442,210.14618
49.11047924697975,3.510510225214622,209.12189,49.11061745716508,3.5102108763465742,210.2
49.110487344159374,3.5104665661675285,209.2674,49.11062479372195,3.510167625833831,210.2221
49.110495433596256,3.5104228950742065,209.39607,49.11063212470641,3.5101243401864948,210.19472
49.11050346878631,3.510379177885879,209.57703,49.11063711304674,3.5100806134959286,210.16258
49.11051139196447,3.51033539379212,209.7385,49.110638166677454,3.510036373099485,210.17696
49.110519125486064,3.5102915453528603,209.85007,49.11063515053152,3.5099921312035884,210.24387
49.11052658967777,3.5102476375129723,209.96056,49.110628237178034,3.5099486009085505,210.40309
49.110533703633095,3.510203672422537,210.01627,49.11061789356005,3.509906740778128,210.46472
49.11054030947214,3.510159477788436,209.98605,49.11060452354689,3.5098672719577197,210.59416
49.11054611041983,3.5101146183779166,209.91928,49.11058837138005,3.5098304589396494,210.69206
49.11054984250264,3.5100692464261685,209.93156,49.11056966520749,3.5097965201772565,210.79674
49.11054885296977,3.510024418294132,209.95955,49.11054863863082,3.5097656748114843,210.88785
49.11054185644258,3.509981072443675,210.01588,49.11052559017519,3.509738150168857,210.85274
49.11052964608154,3.5099398787621707,210.13876,49.11050086098747,3.5097141789496216,210.848
49.11051317044199,3.5099014870578307,210.25772,49.11047479295917,3.5096939939478418,210.8375
49.1104933643922,3.5098665788991306,210.38722,49.110447723089486,3.5096777750749526,210.70718
49.11047067458825,3.509836968726839,210.49,49.110419922808944,3.50966499356466,210.63135
49.11044496276938,3.5098157682937017,210.51955,49.1103916167171,3.509654614492236,210.46179
49.11041684278883,3.509802449248125,210.5282,49.11036302840223,3.5096455919978125,210.382
49.11038783536736,3.509792166754089,210.45488,49.11033437344647,3.5096369173095363,210.19466
49.110358790085066,3.509782158879826,210.3544,49.11030574594317,3.509628144413523,210.11188
49.11032974874003,3.509772267188539,210.28673,49.11027714559299,3.509619264538294,209.92801
49.110300710765344,3.509762469786588,210.11023,49.11024856961775,3.509610280395046,209.82196
49.11027167559404,3.509752744780324,210.01157,49.11022001523921,3.509601194694969,209.80022
49.110242642659216,3.50974307027611,209.84406,49.11019147967917,3.509592010149255,209.81642
49.1102136113939,3.5097334243803,209.79198,49.110162960159386,3.509582729469097,209.84973
49.11018458123115,3.509723785199253,209.74075,49.11013445390165,3.509573355365688,209.9039
49.11015555163656,3.509714131374036,209.69928,49.110105958517245,3.509563890461368,209.94934
49.11012652268734,3.509704451612055,209.71559,49.11007747350861,3.509554336947157,209.95705
49.11009749500548,3.509694743583999,209.64973,49.11004899895117,3.5095446968833808,209.97173
49.11006846923196,3.509685005273722,209.65198,49.11002053492045,3.5095349723303366,209.85066
49.11003944600777,3.509675234665082,209.55193,49.109992081492,3.5095251653483186,209.79526
49.110010425973904,3.509665429741935,209.43,49.10996363874138,3.509515277997626,209.55655
49.109981409771365,3.5096555884881364,209.1835,49.10993520674417,3.5095053123385576,209.51111
49.10995239804112,3.5096457088875392,208.85736,49.10990678557587,3.509495270431404,209.28476
49.10992339142419,3.5096357889240037,208.79668,49.109878375312064,3.509485154336467,209.13779
49.10989439056157,3.5096258265813853,208.48117,49.1098499760283,3.5094749661140408,209.01022
49.10986539609424,3.5096158198435368,208.42902,49.10982158780012,3.5094647078244225,208.84067
49.10983640866323,3.509605766694318,208.09186,49.10979321070308,3.5094543815279096,208.68149
49.10980742890953,3.509595665117582,208.0289,49.10976484481273,3.5094439892847986,208.44965
49.109778457474114,3.5095855130971847,207.63693,49.10973649020463,3.5094335331553848,208.37418
49.109749494998034,3.5095753086169843,207.31224,49.10970814695431,3.5094230151999666,207.8986
49.10972054212181,3.509565049662779,207.06252,49.10967981512664,3.509412437535465,207.79262
49.10969159904204,3.5095547361244464,206.70575,49.10965149279833,3.50940181279264,207.35721
49.10966266468051,3.5095443733581004,206.61465,49.10962317374135,3.5093911763671017,207.256
49.109633737731855,3.509533967694688,206.2174,49.109594851164935,3.5093805666300897,206.85046
49.10960481689059,3.5095235254651507,206.15695,49.10956651827839,3.509370021952842,206.73824
49.10957590085127,3.509513053000433,205.808,49.10953816829093,3.509359580706598,206.40945
49.10954698830841,3.5095025566314795,205.75584,49.10950979441176,3.509349281262593,206.20648
49.10951807795661,3.509492042689235,205.41968,49.10948138985011,3.5093391619920697,205.8519
49.10948916850295,3.5094815174303213,205.17845,49.10945294782165,3.509329261237208,205.42401
49.10946026140595,3.509470970862952,205.09473,49.109424464622094,3.509319603569618,205.26938
49.10943136430426,3.509460356498016,204.72148,49.109395944541255,3.509310177819224,204.93199
49.10940248567925,3.5094496228698997,204.65097,49.10936739314918,3.5093009670924284,204.84601
49.10937363388102,3.509438719428307,204.39438,49.109338816015885,3.509291954495632,204.63411
49.10934479976625,3.5094277175644657,204.36969,49.10931021871142,3.50928312313524,204.60771
49.10931593931748,3.509416931767255,204.21855,49.10928160680584,3.509274456117651,204.49356
49.10928700438185,3.5094067053512066,204.17793,49.109252985869226,3.509265936549273,204.5185
49.109257947232,3.509397378332689,204.19081,49.109224361013695,3.5092575484197184,204.47495
49.10922875779245,3.509388998907058,204.14964,49.109195726081104,3.5092492974538034,204.54199
49.109199492649296,3.5093810986127894,204.13885,49.10916706321773,3.50924121193176,204.54103
49.10917021521648,3.509373156069936,204.16563,49.109138354026754,3.5092333211811413,204.59822
49.10914098804957,3.5093646583919447,204.17332,49.109109580298224,3.509225663862657,204.75117
49.10911181969208,3.5093556270102866,204.2908,49.10908072921995,3.509218548173666,204.92194
49.10908263349947,3.509346926081722,204.4321,49.10905179406935,3.509212586396272,205.12425
49.109053345324696,3.509339493981024,204.57541,49.10902276844983,3.509208407086871,205.34097
49.10902387423975,3.5093342817499527,204.7768,49.108993648862985,3.509206637990862,205.44986
49.108994289812046,3.509332832589513,204.88164,49.10896453123015,3.509207879034727,205.65105
49.108964875593664,3.5093374825959907,205.08525,49.10893563343966,3.509212696017026,205.73625
49.10893602938778,3.5093490144084183,205.10548,49.10890718084731,3.509221652646997,205.7878
49.10890828741357,3.509366098288041,205.18718,49.10887940388945,3.5092353065051243,205.78598
49.108882477344125,3.509388419363705,205.176,49.10885274210763,3.5092539629033097,205.75351
49.10885975596568,3.5094170697506417,205.1627,49.10882791359642,3.509277591101953,205.7247
49.10884050537404,3.509451607234796,205.168,49.10880565578039,3.509306137042958,205.63889
49.10882417009384,3.5094896965515545,205.09793,49.10878653860626,3.509339388138989,205.64685
49.10881032164362,3.509529834821869,205.11963,49.10876973178355,3.5093758063895764,205.53859
49.108798734521656,3.5095715739106934,205.15106,49.10875387845278,3.509413389143033,205.46356
49.10878919391775,3.5096145212418466,205.14378,49.108739119481854,3.509451848714824,205.38577
49.10878148025319,3.509658289054473,205.0856,49.1087262934586,3.509491728307268,205.27502
49.10877526460812,3.509702600012069,204.99829,49.1087154734283,3.5095329962500807,205.21576
49.10877010890172,3.509747287020499,204.87103,49.10870631333331,3.5095753047306344,205.12773
49.10876557032089,3.5097921877645475,204.67268,49.10869846295622,3.509618302798818,205.05489
49.10876121808008,3.509837144378744,204.58545,49.10869158541557,3.509661657668626,204.82886
49.108756848591405,3.509882083050988,204.44058,49.10868548202033,3.5097052247714,204.68863
49.10875246098219,3.509927004965,204.31088,49.10868003583827,3.5097489708951053,204.52577
49.10874806149096,3.5099719139353507,204.09122,49.10867513100295,3.5097928642793725,204.23529
49.10874365635623,3.5100168137766072,203.71082,49.10867065164779,3.5098368731638256,204.1579
49.10873925181653,3.5100617083033345,203.45502,49.10866648190624,3.5098809657880965,204.03699
49.10873485411037,3.5101066013301034,203.10382,49.10866250591165,3.509925110391812,203.91905
49.10873046947628,3.5101514966714795,202.77167,49.10865860779844,3.509969275214901,203.74387
49.1087261037936,3.51019639794985,202.4119,49.10865469358991,3.5100134345559435,203.19939
49.108721758147794,3.510241306222884,202.15796,49.10865074739804,3.5100575843277,202.9148
49.10871743021045,3.510286220721756,201.884,49.10864677074111,3.5101017252608493,202.64468
49.10871311757988,3.5103311406384616,201.55334,49.108642765137446,3.510145858086071,202.25352
49.10870881785436,3.5103760651649893,201.27469,49.10863873210535,3.5101899835340453,201.84229
49.108704528632174,3.5104209934933315,201.1506,49.108634673163166,3.510234102335451,201.43889
49.10870024751169,3.5104659248154797,201.08334,49.10863058982921,3.510278215220968,201.14993
49.10869597209115,3.5105108583234226,200.94627,49.10862648362179,3.5103223229212746,200.90034
49.10869169996888,3.510555793209156,200.66371,49.10862235605922,3.510366426167052,200.67464
49.10868742874317,3.510600728664667,200.51598,49.10861820865984,3.510410525688976,200.42548
49.1086831560123,3.5106456638819483,200.38658,49.10861404294195,3.510454622217731,200.31482
49.10867887937461,3.510690598052993,200.3265,49.10860986042388,3.510498716483993,200.224
49.10867459642836,3.510735530369791,200.07036,49.10860566262396,3.510542809218442,200.09053
49.10867030477187,3.510780460024334,199.94406,49.10860145106049,3.510586901151758,199.63728
49.10866600200342,3.510825386208613,199.616,49.10859722725181,3.5106309930146207,199.5172
49.10866168573016,3.5108703081172585,199.32564,49.108592992719245,3.5106750855317688,199.42807
49.108657355515945,3.5109152255275573,198.84589,49.10858874919379,3.51071917901428,199.29907
49.10865301532934,3.510960139528431,198.41193,49.10858449874935,3.510763273096709,199.18073
49.108648669741065,3.511005051388097,198.13525,49.10858024349151,3.5108073673510782,198.66125
49.10864432332177,3.5110499623747646,197.74957,49.10857598552583,3.5108514613494104,198.37831
49.10863998064217,3.5110948737566527,197.51808,49.10857172695789,3.5108955546637293,198.09476
49.108635646272944,3.511139786801973,197.02695,49.10856746989332,3.5109396468660568,197.69421
49.10863132478477,3.5111847027789405,196.90607,49.10856321643767,3.510983737528416,197.28772
49.10862702074838,3.5112296229557702,196.83966,49.10855896869654,3.5110278262228323,196.97025
49.10862273873443,3.511274548600676,196.84041,49.10855472877554,3.511071912521325,196.77264
49.10861848331366,3.511319480981873,196.70667,49.10855049878021,3.51111599599592,196.584
49.10861425905672,3.511364421367574,196.90668,49.10854628081618,3.5111600762186383,196.2688
49.10861007053435,3.511409371025995,197.10326,49.10854207698904,3.511204152761505,196.14493
49.10860592231723,3.511454331225349,197.44858,49.10853788940436,3.5112482251965424,196.0613
49.10860181897607,3.511499303233851,197.52574,49.108533720167735,3.511292293095771,196.02968
49.10859776508158,3.5115442883197168,197.80402,49.10852957138478,3.5113363560312174,196.0834
49.10859377928671,3.51158928925016,198.24529,49.10852544501861,3.5113804148792878,196.14815
49.1085905453599,3.5116343795913694,198.55016,49.10852134079962,3.5114244909624057,196.36581
49.10858970446724,3.5116797077893414,199.00467,49.10851725668595,3.511468621831229,196.6219
49.1085937190884,3.5117243954643738,199.2414,49.10851319058703,3.5115128454831046,197.06384
49.108604665794594,3.511765879114211,199.53703,49.108509165379765,3.511557195444296,197.26454
49.10862157762112,3.511802340309572,199.77773,49.1085056506423,3.5116016252478124,197.61404
49.10864302988894,3.51183389376763,199.96512,49.10850350153079,3.511646019379086,198.15256
49.10866759496126,3.5118607835783027,200.0846,49.10850358586132,3.511690260056474,198.50046
49.10869387012107,3.5118832249696386,200.20953,49.10850676699451,3.511734205195661,198.89539
49.10872116234187,3.511900611148323,200.32379,49.108513816828825,3.5117772138057703,199.15681
49.10874955867276,3.511911429575483,200.34932,49.1085253772872,3.511818185410828,199.296
49.10877880577834,3.511914505861308,200.36223,49.1085411118372,3.511856181709576,199.46896
49.10880822926536,3.511909103414049,200.3234,49.10855975731414,3.511890467388501,199.62407
49.10883676843744,3.511895146378419,200.29944,49.10858061664583,3.511920955538,199.78275
49.10886299806432,3.511873195924755,200.21414,49.10860359337343,3.511948205136997,200.0
49.10888547724783,3.511843840607934,200.16666,49.10862822014521,3.511972643118145,200.18672
49.10890284028895,3.5118077270376724,200.11642,49.10865371933507,3.5119944468642865,200.30115
49.108915125757285,3.511766585966015,200.1145,49.10867995897718,3.512013310705318,200.42387
49.10892361836117,3.5117230415385245,200.02135,49.10870705446533,3.5120287525536527,200.4626
49.10892967710576,3.5116786100547306,199.98009,49.10873512160377,3.5120402900286862,200.43958
49.10893464408952,3.511633837551796,199.86162,49.108764172272544,3.512047335347437,200.40327
49.1089391943748,3.5115889717471287,199.70253,49.10879352993972,3.512048602521023,200.27902
49.10894347610325,3.5115440480506925,199.48427,49.10882230006316,3.512042764102152,200.21773
49.108947623100654,3.5114990961042944,199.34131,49.10885001851455,3.512030180530028,200.02936
49.108951763322935,3.511454144206821,199.22366,49.10887640557601,3.512011887330997,199.95186
49.10895594764207,3.511409203021499,199.12813,49.10890118932801,3.511988607611196,199.786
49.10896017264695,3.5113642707923973,199.16011,49.1089241010042,3.511960925036714,199.69298
49.10896443379348,3.511319345504355,199.27751,49.10894487185259,3.511929422652974,199.66583
49.10896872653744,3.5112744251422074,199.39255,49.10896324537935,3.5118946764342303,199.62564
49.1089730463347,3.511229507690795,199.57578,49.10897906400485,3.511857205294747,199.56926
49.10897738864112,3.511184591134952,199.74922,49.10899221796169,3.511817500567513,199.50319
49.108981748912505,3.511139673459517,199.94641,49.10900259823046,3.511776053346214,199.56958
49.10898612231061,3.511094752858973,200.27634,49.10901031133709,3.5117333251859635,199.49112
49.10899050115948,3.51104982955042,200.46426,49.10901602674889,3.511689700495827,199.54169
49.10899487619532,3.5110049048827072,200.66727,49.10902050468927,3.5116455512475047,199.54713
49.10899923813696,3.510959980217097,200.81819,49.10902450518354,3.511601249310165,199.45212
49.10900357770321,3.5109150569148517,201.05554,49.109028598654255,3.5115570682082917,199.27289
49.1090078856129,3.510870136337233,201.23984,49.109032812593775,3.5115129998545864,199.15955
49.10901215258488,3.5108252198455063,201.48741,49.10903707792927,3.5114689860744264,199.01305
49.10901636933793,3.5107803088009306,201.80507,49.109041325595896,3.5114249686994525,198.96259
49.109020537870514,3.510735404099574,201.96089,49.10904550591724,3.511380904635388,198.9751
49.10902474212618,3.510690503257913,202.14453,49.10904963019942,3.51133679820076,199.0174
49.10902910222869,3.5106456023002592,202.30069,49.109053721707625,3.511292663012059,199.0928
49.10903373846108,3.510600697244366,202.47202,49.10905780370702,3.511248512685776,199.24512
49.10903882056597,3.5105558251344915,202.61215,49.109061899462766,3.511204360838399,199.38184
49.1090448320766,3.5105112833027032,202.74228,49.10906603224005,3.511160221086416,199.49109
49.10905237919747,3.510467470836404,202.8757,49.109070225304,3.511116107046318,199.83333
49.10906206427113,3.5104247851307595,202.91025,49.10907450117371,3.5110720319506554,200.08664
49.109074132684405,3.510383457607852,202.92984,49.10907885648668,3.511027995712831,200.31595
49.1090882032303,3.5103434283431123,202.93253,49.10908325596141,3.510983981820124,200.6357
49.10910383121728,3.510304607893514,202.93942,49.1090876623462,3.5109399727458985,200.85878
49.10912057522626,3.5102669081884064,202.95491,49.10909203838936,3.510895950963522,201.21417
49.10913819481693,3.510230325451837,202.95068,49.10909634683922,3.51085189894636,201.47687
49.10915676377203,3.5101949876997804,202.93979,49.1091005504441,3.510807799167779,201.7569
49.10917638322284,3.5101610344188745,202.96086,49.10910461195236,3.510763634101145,202.1443
49.10919715371396,3.510128608561506,202.96745,49.10910849813614,3.5107193877485905,202.29735
49.10921914899509,3.5100980114278246,202.99332,49.10911238244477,3.5106751226357846,202.46826
49.10924240550212,3.5100697648292463,203.04362,49.10911674014981,3.5106310159607124,202.56398
49.10926695690795,3.510044406904631,203.11267,49.10912207043491,3.5105872540064498,202.72942
49.10929283293152,3.5100224635870467,203.26149,49.10912886976891,3.5105440233382224,202.88835
49.10931992382977,3.51000403027374,203.35083,49.10913745996006,3.5105015286745456,202.9564
49.10934794652742,3.5099886672633294,203.52513,49.10914788509182,3.5104600035992206,203.0394
49.10937660712126,3.5099759014257037,203.61299,49.1091601645197,3.510419684266114,203.09956
49.10940561631391,3.509965271114845,203.79507,49.10917431701579,3.5103808064905624,203.072
49.10943481371607,3.5099566361509518,203.89056,49.10919031313974,3.510343578100762,203.10167
49.1094641820814,3.50995021331966,204.06271,49.109208039927545,3.510308158439619,203.12364
49.109493711625525,3.509946238014985,204.18298,49.10922737609408,3.5102747020196627,203.15201
49.10952338786873,3.509944948102714,204.2247,49.10924820035425,3.510243363353417,203.17926
49.10955308977791,3.509946637541886,204.29166,49.10927039142304,3.5102142969534107,203.28058
49.10958259056048,3.509951655967043,204.32504,49.10929382801552,3.5101876573321684,203.31766
49.10961165888768,3.509960355400961,204.39986,49.109318388846894,3.5101635990022197,203.37935
49.1096400687119,3.509973062926602,204.5048,49.10934395266477,3.5101422762265053,203.53616
49.10966769253579,3.509989640178332,204.5965,49.10937040311248,3.510123805390676,203.61996
49.10969449015281,3.510009536518971,204.77505,49.10939763392828,3.510108224776316,203.70985
49.10972042437474,3.510032187056042,204.91333,49.10942554009675,3.510095563023387,203.9023
49.10974544271063,3.5100570631874293,205.07318,49.10945401644131,3.5100858493924587,204.08319
49.10976925390055,3.5100842025502663,205.40799,49.10948292195987,3.5100792509002505,204.14377
49.10979137773836,3.510114090867674,205.59004,49.10951203491378,3.510076245011076,204.20834
49.10981132885172,3.5101472261160267,205.7934,49.10954112251483,3.5100773516788006,204.22285
49.10982870645736,3.510183983971553,206.03177,49.10956995230638,3.510083062032482,204.2402
49.10984422498598,3.5102231277060807,206.29504,49.10959829745728,3.510093377385384,204.24048
49.10985927630544,3.510262448293091,206.36392,49.10962593583861,3.510107889627376,204.28207
49.1098739350792,3.5103017279083293,206.63358,49.10965264546645,3.510126178064167,204.32596
49.10988742517401,3.5103420188966346,206.89133,49.10967819943276,3.5101478383443467,204.50186
49.10989935968608,3.51038361433911,207.1557,49.10970227496518,3.5101727842589177,204.64435
49.10990960613502,3.510426315440022,207.20874,49.10972446219999,3.5102012186271336,204.85333
49.10991803597594,3.5104699157949915,207.39987,49.10974434810913,3.510233354771475,205.11316
49.109924531029925,3.510514211457409,207.45248,49.10976155539992,3.510269351408733,205.40001
49.10992907303117,3.5105590221698355,207.48297,49.10977650897425,3.5103081414436383,205.70499
49.10993169957647,3.510604180919757,207.5066,49.109790389316025,3.51034751688664,206.01483
49.10993244887361,3.510649520839579,207.50626,49.10980354464469,3.5103868725520124,206.13934
49.109931359130144,3.510694875061706,207.49301,49.109815439318254,3.510427275823085,206.43283
49.10992846855344,3.5107400767185406,207.48239,49.10982565584752,3.5104691508650565,206.69733
49.10992381535065,3.510784958942489,207.47568,49.10983394690848,3.510512149335482,206.84009
49.10991743772879,3.5108293548659546,207.48297,49.10984007353097,3.510555884967302,206.92
49.109909373407945,3.510873098060354,207.39996,49.10984383141178,3.510599996655619,207.08273
49.10989965657805,3.510916025281147,207.44795,49.10984523861859,3.51064428469784,207.09744
49.10988831987268,3.51095797468754,207.42409,49.10984440103089,3.5106886131274297,207.0842
49.109875395918365,3.5109987844448742,207.36246,49.10984142474303,3.510732846134088,206.93999
49.10986095370463,3.511038342425995,207.27504,49.10983640414889,3.5107768260276453,206.92
49.1098452923832,3.511076851130764,207.27042,49.10982935069233,3.5108202399992186,206.9144
49.10982880089154,3.5111146357937657,207.1,49.10982023997356,3.510862708211694,206.82526
49.10981186837207,3.5111520219291963,206.89163,49.10980904745023,3.5109038505617503,206.8717
49.1097948384823,3.5111892975900028,206.65869,49.109795795211205,3.510943355079016,206.78485
49.109777802752674,3.5112265431800385,206.38861,49.10978087134776,3.510981444555826,206.67448
49.109760765848606,3.511263767562164,206.07193,49.1097648367451,3.511018594251655,206.52512
49.10974373235475,3.5113009795327,205.70163,49.10974825331027,3.5110552809179976,206.32063
49.10972670685578,3.511338187887969,205.272,49.10973164075003,3.511091945509352,206.2762
49.10970969393636,3.511375401424294,204.80418,49.10971515109888,3.5111287171017853,205.9499
49.10969269818115,3.511412628937995,204.33127,49.10969874692303,3.511165564054798,205.59497
49.10967572417484,3.511449879225394,203.91475,49.10968238922924,3.511202453404989,205.23508
49.10965877565425,3.5114871595251618,203.82207,49.10966604782544,3.511239359557473,204.86267
49.10964185273099,3.5115244704158246,203.46683,49.10964971712847,3.5112762775201305,204.47136
49.109624954547925,3.5115618106961914,203.10696,49.10963339582317,3.5113132058740866,204.05524
49.10960808024792,3.5115991791650503,202.7255,49.10961708259443,3.511350143200469,203.6085
49.10959122897383,3.511636574621192,202.31201,49.10960077612711,3.511387088080402,203.12503
49.109574399868514,3.5116739958634047,201.86252,49.10958447510602,3.5114240390950107,202.91046
49.10955759207484,3.511711441690481,201.43343,49.10956817821602,3.5114609948254194,202.4877
49.10954080473565,3.511748910901207,201.08592,49.10955188414198,3.5114979538527558,202.08955
49.10952403699381,3.511786402294373,200.8174,49.10953559156873,3.5115349147581423,201.7037
49.10950728799216,3.51182391466877,200.61176,49.10951929918112,3.511571876122707,201.32326
49.10949055687357,3.511861446823186,200.44328,49.109503005664,3.511608836527573,200.94547
49.109473842780886,3.511898997556413,200.42297,49.10948670970223,3.5116457945538704,200.56963
49.10945714485695,3.511936565667237,200.18726,49.10947040998061,3.5116827487827176,200.20729
49.10944046224461,3.5119741499544483,199.91096,49.109454105184014,3.511719697795245,200.16435
49.10942379408674,3.512011749216838,199.62738,49.10943779399726,3.5117566401725764,199.94444
49.10940713952615,3.512049362253196,199.33209,49.10942147510519,3.5117935744958384,199.78006
49.1093904977057,3.5120869878623098,199.01733,49.10940514719263,3.511830499346155,199.64342
49.10937386776825,3.5121246248429707,198.67854,49.10938880894444,3.5118674133046506,199.49467
49.10935724885663,3.512162271993968,198.3099,49.1093724590454,3.511904314952452,199.30058
49.10934064011367,3.512199928114088,197.90128,49.10935609618039,3.5119412028706862,199.03703
49.10932404068223,3.512237592002124,197.45065,49.1093397190342,3.511978075640476,198.7445
49.10930744970515,3.5122752624568645,197.16643,49.109323326291694,3.512014931842948,198.47403
49.10929086632526,3.512312938277099,196.76419,49.10930691663766,3.512051770059228,198.38113
49.10927428968538,3.5123506182616167,196.38994,49.109290488756926,3.5120885888704394,198.12619
49.10925771892838,3.5123883012092074,196.03674,49.10927404133432,3.5121253868577096,197.8717
49.10924115319709,3.5124259859186613,195.6983,49.10925757305467,3.5121621626021637,197.60207
49.10922459163432,3.5124636711887662,195.36838,49.10924108260277,3.5121989146849257,197.2952
49.10920803338293,3.512501355818313,195.03941,49.10922456866346,3.5122356416871217,196.93983
49.109191477585725,3.5125390386060915,194.7519,49.10920802992151,3.512272342189879,196.61249
49.10917492338556,3.5125767183508896,194.54105,49.10919146506178,3.512309014774321,196.32198
49.10915836992525,3.5126143938514978,194.396,49.10917487276905,3.512345658021573,196.06252
49.10914181561954,3.512652063282616,194.28252,49.109158252405976,3.512382271297786,195.81201
49.10912521105873,3.512689683825986,194.20848,49.10914161109267,3.5124188629531177,195.57755
49.1091084302221,3.5127271469958488,194.15334,49.10912496089645,3.512455447067163,195.35782
49.10909134019951,3.512764338401324,194.09552,49.10910831396453,3.512492037812061,195.136
49.10907380722951,3.512801140521117,194.02493,49.10909168244422,3.512528649359949,194.95055
49.10905565616424,3.512837283619984,193.99936,49.10907507848275,3.512565295882965,194.83981
49.10903665272972,3.512872280504516,194.0181,49.10905851422744,3.512601991553245,194.78413
49.109016558110405,3.512905627279288,194.06438,49.10904200182559,3.512638750542928,194.83624
49.10899513767119,3.51293682544164,194.11737,49.10902554607311,3.512675576514521,194.8245
49.10897231274882,3.512965577671238,194.1694,49.10900904472852,3.512712320108992,194.81073
49.108948203578194,3.512991843198395,194.21376,49.108992285674425,3.51274868385419,194.65143
49.1089229433198,3.513015597925433,194.18889,49.10897460587276,3.5127838645926315,194.57407
49.1088966651343,3.5130368177546702,194.09052,49.10895503472935,3.512816701666761,194.49011
49.10886950218256,3.5130554785884263,193.94994,49.10893335454255,3.512846662602327,194.50632
49.108841587625726,3.513071556329022,193.73907,49.10890997387741,3.512873739703855,194.49738
49.10881305462512,3.5130850268787754,193.58717,49.108885319854046,3.512897940823519,194.46802
49.10878403712248,3.513095855970907,193.46909,49.10885975978386,3.5129192558787845,194.36188
49.108754687593056,3.5131037677207564,193.32495,49.10883338016652,3.5129375905814806,194.29027
49.10872517738128,3.513108240252516,193.193,49.10880618515983,3.512952825952007,194.26007
49.10869567867907,3.513108740646536,193.12059,49.10877817891077,3.5129648430075573,194.12341
49.10866635915841,3.513104775886076,192.95816,49.10874941410543,3.5129734816461813,193.95401
49.108637298279056,3.5130966316355905,192.85475,49.108720194361325,3.51297836919336,193.89691
49.10860849524405,3.5130853020121715,192.74918,49.10869090414463,3.512979064485521,193.77164
49.10857994633172,3.513071806950767,192.68733,49.10866192796151,3.5129751263259408,193.70355
49.10855164667028,3.5130571369693078,192.776,49.10863358520279,3.512966316536396,193.64851
49.10852357268407,3.513041804169484,192.85464,49.108605824243845,3.512953553685326,193.668
49.108495685593766,3.513025931768071,192.97977,49.10857846224835,3.5129381654300427,193.562
49.1084679461794,3.5130096317124084,192.92578,49.10855131622804,3.5129214799001804,193.63725
49.10844031522087,3.5129930159498373,193.04422,49.10852422170953,3.512904682239146,193.72136
49.10841275349803,3.5129761964276995,193.09143,49.10849713029181,3.5128880612101647,193.83284
49.10838522179063,3.512959285093335,193.15363,49.10847003845458,3.5128715589807324,193.93463
49.10835768088002,3.512942393889249,193.06793,49.108442942782446,3.512855117073716,194.04152
49.1083301004962,3.512925609213376,193.03703,49.10841584115284,3.5128386935755267,194.07912
49.10830248020805,3.5129089322871967,192.82156,49.10838873414652,3.5128222812063243,194.13899
49.10827482579622,3.512892346600573,192.7688,49.10836162268349,3.512805877032524,194.02856
49.10824714304135,3.512875835643369,192.55588,49.1083345076837,3.5127894781205344,193.85631
49.10821943772409,3.5128593829054435,192.50282,49.108307390067225,3.512773081536773,193.80621
49.10819171562508,3.5128429718766587,192.17142,49.10828027075399,3.5127566843476496,193.56035
49.10816398252502,3.5128265860468777,192.10385,49.108253150664034,3.51274028361958,193.46654
49.10813624420458,3.512810208905962,191.82626,49.10822603071736,3.5127238764189768,193.17249
49.10810850644445,3.512793823943772,191.70584,49.10819891183397,3.5127074598122525,193.0294
49.10808077502539,3.5127774146501705,191.28711,49.108171794933874,3.5126910308658204,192.67395
49.10805305572808,3.51276096451502,191.04356,49.108144680937066,3.512674586646095,192.47704
49.108025354333286,3.51274445702818,190.4747,49.108117570763575,3.512658124219488,192.01167
49.107997676621736,3.5127278756795137,190.20082,49.10809046533341,3.5126416406524137,191.73976
49.10797002837423,3.512711203958883,189.67664,49.1080633655666,3.512625133011285,191.08711
49.107942415371504,3.51269442535615,189.40962,49.10803627238314,3.512608598362516,190.72046
49.10791484335163,3.5126775234721306,188.96109,49.10800918662986,3.5125920341260906,190.06384
49.10788731185735,3.512660497989815,188.70291,49.10798210745685,3.5125754459186265,189.7486
49.10785980780516,3.512643381367957,188.2306,49.107955032309945,3.5125588475893323,189.44682
49.10783231657447,3.5126262100555348,187.97069,49.10792795856034,3.5125422533481863,188.9112
49.10780482354453,3.51260902050152,187.48035,49.1079008835792,3.512525677405164,188.6398
49.10777731409466,3.512591849154891,187.20369,49.10787380473767,3.512509133970241,188.14815
49.1077497736041,3.5125747324646213,186.78647,49.10784671940692,3.512492637253396,187.92651
49.10772218745209,3.5125577068796865,186.62772,49.10781962495809,3.512476201464603,187.4306
49.10769454258788,3.5125408044740563,186.50401,49.10779251915985,3.5124598382665666,187.14816
49.10766693120588,3.512523764058944,186.3786,49.10776541251224,3.51244347773498,186.63129
49.10763961531676,3.512505851257895,186.31348,49.10773833063227,3.512426953072223,186.4178
49.10761287235,3.5124862887319974,186.25891,49.107711300015936,3.51241009184784,186.16904
49.10758697929746,3.512464305537485,186.20657,49.10768435274005,3.512392711440571,186.08496
49.10756219146587,3.5124394471815985,186.12628,49.107657735021455,3.5123742381975984,186.03369
49.107538732961714,3.5124117144720883,186.01416,49.10763196963653,3.512353593453742,186.00946
49.107516825471286,3.51238114353898,185.92366,49.107607597684,3.5123296650882643,186.01115
49.10749668935628,3.512347773849857,185.81332,49.107585138080665,3.5123014797730794,186.03615
49.10747849481043,3.5123117712564484,185.736,49.10756493123687,3.512269181055021,186.05923
49.107462347619375,3.512273463868139,185.71289,49.107547231479664,3.5122334510836977,186.1225
49.10744834933998,3.512233190447291,185.7315,49.10753229258148,3.5121949754791206,186.1974
49.10743660152891,3.5121912897562613,185.85951,49.10752034656653,3.5121544188124774,186.30574
49.10742720574266,3.512148100557412,185.87097,49.10751143115419,3.512112257597498,186.42908
49.10742026353746,3.5121039616131,185.9296,49.10750548185024,3.512068869421216,186.43793
49.10741587646927,3.512059211685685,185.9332,49.10750243324834,3.5120246309883894,186.6486
49.10741414115207,3.5120141868446737,185.99614,49.1075022337884,3.511979937233338,186.81274
49.107415035488536,3.5119691584695536,186.13857,49.10750496970545,3.511935364500949,187.0
49.1074184157922,3.5119243316815845,186.4072,49.10751080624011,3.511891593149167,187.44823
49.10742413285896,3.511879908595465,186.52788,49.10751990956829,3.5118493047681563,187.57986
49.10743203748447,3.511836091325897,186.67638,49.10753242786232,3.5118091892656724,187.87912
49.10744198046417,3.511793081987578,186.92766,49.10754830911248,3.5117720290361305,188.16599
49.10745381259337,3.5117510826952096,187.20416,49.10756737635391,3.511738664204765,188.46178
49.10746738466723,3.511710295563492,187.39236,49.10758945068039,3.511709935672092,188.78769
49.107482565316,3.5116709477260053,187.76607,49.107614008347234,3.51168577175609,189.04745
49.10749951576572,3.511633676768279,188.16415,49.107639340941695,3.511662965648501,189.488
49.10751863641386,3.511599455784966,188.51451,49.10766385766244,3.5116384238327383,189.86966
49.10754033467098,3.511569267709808,188.77446,49.10768730713933,3.5116118843840827,190.12445
49.107564924773015,3.5115439641393573,189.22575,49.1077097266064,3.511583645019836,190.37593
49.10759143464517,3.511522583489257,189.43008,49.10773110454095,3.511553709652814,190.66089
49.10761803116407,3.511502813580071,189.63013,49.10775141790582,3.511522012811007,191.21442
49.1076438360864,3.51148194740036,189.99902,49.10777064366383,3.511488489022404,191.57408
49.1076686107182,3.511457199689004,190.22173,49.10778868027028,3.51145309455646,191.9844
49.107691749741626,3.5114277975014816,190.56252,49.10780509974065,3.511415876085224,192.16286
49.10771240214663,3.511394272556807,191.02402,49.10781938925695,3.51137690377426,192.69395
49.10772971280228,3.5113571784624176,191.56577,49.10783103600125,3.5113362477891816,193.16704
49.107742949915895,3.511317083930547,192.1134,49.10783974490204,3.511294041972451,193.37761
49.10775261559434,3.511274708785671,192.65143,49.107846217092,3.5112507114926435,193.70068
49.10775992234073,3.5112308598526463,193.09317,49.10785143843282,3.511206764783589,193.91234
49.107766090523306,3.5111863445589377,193.36784,49.10785638868267,3.511162707043984,194.04495
49.10777203665286,3.5111417665681075,193.78726,49.1078616618142,3.511118839304728,194.22223
49.10777789188791,3.511097202892883,194.08711,49.10786724308574,3.511075140448893,194.32053
49.10778366219702,3.511052646594628,194.192,49.107873064116525,3.511031560972309,194.38124
49.10778935354873,3.511008090734702,194.32703,49.10787905652584,3.510988051370811,194.42323
49.1077949719116,3.5109635283744702,194.29042,49.10788515193299,3.5109445621402307,194.42279
49.10780052325418,3.510918952575295,194.23436,49.10789128195731,3.5109010437764,194.45085
49.10780601354505,3.51087435639854,194.2624,49.10789737821816,3.5108574467751508,194.50638
49.10781144921524,3.5108297330506355,194.25082,49.10790337075254,3.510813721814801,194.60762
49.1078169027196,3.5107850964469813,194.25755,49.107909020336095,3.5107698390923736,194.65726
49.10782257567672,3.510740501275772,194.25864,49.107913770332125,3.5107258054079518,194.70312
49.10782812739271,3.510695861897469,194.36702,49.10791702916693,3.5106816315904736,194.80501
49.107832148061085,3.510650819494833,194.37126,49.107918207,3.510637328856895,194.85184
49.10783308402468,3.510605464111247,194.37805,49.1079169689635,3.510592965507383,194.8971
49.10782935351182,3.510560750149424,194.40001,49.10791350181547,3.510548726623559,194.85037
49.10782045048307,3.5105175469254526,194.2895,49.10790805610654,3.510504811568957,194.94293
49.10780770647931,3.510476414163854,194.30357,49.107900862277,3.510461430283306,194.99918
49.10779266648198,3.510437207050072,194.16383,49.10789185283943,3.510418949389621,194.90686
49.10777692247218,3.510398702998567,194.0,49.10788073247597,3.5103778553292035,194.96808
49.107761581481206,3.5103598985998783,193.83371,49.10786720009456,3.510338637579815,194.8468
49.10774701237621,3.510320273600025,193.69536,49.10785103850292,3.510301697567036,194.7112
49.10773370342615,3.5102795192869367,193.68564,49.10783344258158,3.5102659547687067,194.5552
49.107722402059856,3.5102375723402077,193.56485,49.10781678141045,3.510229148617628,194.36073
49.10771387564194,3.510194388315643,193.52133,49.10780347816994,3.510189902157621,194.14136
49.10770888080407,3.510149933019615,193.42044,49.107795889197824,3.510147706619493,194.10786
49.10770777334928,3.510104555067547,193.40259,49.10779480272048,3.510103411727853,194.08469
49.1077103976946,3.510059091470911,193.40808,49.10779960553999,3.510059057310692,194.0948
49.107716564999535,3.5100144110027087,193.52615,49.10780963516903,3.5100167250514502,194.33038
49.10772608170786,3.5099713677510174,193.6456,49.10782419259769,3.5099783797148785,194.61066
49.10773861555198,3.509930383795824,193.88167,49.1078417849561,3.509943444618881,194.74777
49.10775367631198,3.509891389283045,194.18103,49.10786020798054,3.50990897241331,195.0786
49.107770765184384,3.509854287625038,194.53748,49.10787857598672,3.5098740539011124,195.41731
49.10778938453466,3.5098189713766383,194.91399,49.10789729767551,3.509839761309639,195.75354
49.10780906445365,3.509785075490623,195.27112,49.10791644765285,3.509806242403284,195.99991
49.107829363237045,3.509751972862898,195.5341,49.107935961173176,3.509773284570579,196.48462
49.10784984044566,3.5097190246407943,195.82933,49.10795577333144,3.5097406747875253,196.78444
49.10787007121211,3.5096856172646365,196.06477,49.1079758092814,3.509708211304688,197.06145
49.10788993410963,3.509651630069978,196.23927,49.10799593171318,3.509675763213493,197.30917
49.10790958355727,3.509617390464784,196.37166,49.10801597911426,3.5096432270541,197.549
49.10792918401033,3.509583242159886,196.48236,49.10803578991952,3.509610499426671,197.80623
49.10794889163902,3.509549505266606,196.62303,49.10805521128866,3.509577463709077,198.08711
49.10796872796355,3.509516116342285,196.7486,49.10807415099735,3.509543911414674,198.3729
49.107988605098754,3.509482700299724,196.90579,49.10809254254783,3.509509595067843,198.65103
49.10800843199202,3.5094488730287137,197.112,49.10811031953592,3.5094742670513077,198.91183
49.10802808128668,3.509414249454414,197.66533,49.108127366215605,3.5094376945028816,199.18076
49.10804692772338,3.509378431272293,198.0,49.10814318703628,3.509399758136459,199.45322
49.10806398468675,3.509341010576254,198.0,49.108157110109055,3.509360391397976,199.47838
49.108078257450295,3.509301579244656,198.344,49.1081684631109,3.5093195283224574,199.73244
49.108088806789176,3.509259788267362,198.65796,49.10817677993194,3.509277217675561,199.97066
49.1080953410036,3.5092159782846637,198.65273,49.10818211133584,3.509233795795895,199.95526
49.10809798725895,3.5091709360526364,198.63927,49.108184587764384,3.5091896433528595,199.90897
49.10809687975071,3.509125455815818,198.61644,49.10818433965878,3.5091451410158587,199.86115
49.10809215267351,3.5090803318187493,198.55463,49.10818149745975,3.509100669454292,199.75359
49.10808394022119,3.509036358305962,198.51004,49.10817619160766,3.5090566093375597,199.66925
49.10807237658696,3.5089943295219976,198.19926,49.10816855254258,3.509013341335065,199.39053
49.10805759596345,3.5089550397113904,197.89246,49.10815871068342,3.50897124609585,199.3008
49.10803975419977,3.508919187910253,197.62987,49.10814676506176,3.5089306735979706,199.09494
49.1080191939806,3.508886651787148,197.44978,49.10813272020202,3.508891881469065,198.93689
49.10799633271247,3.508857109663928,197.3216,49.10811656291276,3.508855110025416,198.81248
49.10797142161616,3.5088320080668867,196.94135,49.1080982800147,3.5088205995867288,198.69493
49.10794466243279,3.5088132807941625,196.79114,49.10807791532321,3.5087886061884186,198.51973
49.10791648747537,3.5088001328210066,196.45538,49.10805570095445,3.50875943778773,198.37541
49.10788743362711,3.5087905318272603,196.27191,49.10803190785814,3.508733413049742,198.17075
49.10785803708841,3.508782443903883,195.95328,49.10800680259737,3.5087108565935714,197.81451
49.10782866556636,3.508774468175956,195.77644,49.107980512064366,3.508692282602353,197.65903
49.10779934610301,3.508766483649464,195.46452,49.10795300644912,3.5086783899299623,197.21458
49.10777006465917,3.508758523672735,195.2883,49.10792454508961,3.5086685186528896,197.08878
49.1077408071956,3.5087506215941,195.02383,49.10789574742702,3.5086603479541982,196.68695
49.10771155967304,3.5087428107618845,194.98053,49.10786697724787,3.5086524572004447,196.59315
49.10768230805216,3.5087351245244163,194.97064,49.10783824137209,3.508644713709008,196.23201
49.10765303829362,3.508727596230026,195.1069,49.107809523208914,3.508637069263873,196.17807
49.1076237364897,3.5087202587321684,195.146,49.10778080631838,3.508629476039051,195.8597
49.10759439736568,3.5087131124267392,195.22258,49.10775208119323,3.5086219041317093,195.73282
49.107565029469065,3.5087061057424878,195.38046,49.107723348003695,3.5086143486583503,195.76
49.107535642589454,3.508699182438314,195.38109,49.10769460763901,3.508606806594418,195.75557
49.10750624651652,3.5086922862731247,195.40475,49.10766586098849,3.5085992749153565,195.9679
49.1074768510399,3.508685361005824,195.29848,49.10763710894137,3.5085917505966107,196.08278
49.10744746594928,3.50867835039532,195.05429,49.10760835238695,3.508584230613625,196.14337
49.107418101034376,3.5086711982005125,195.06363,49.10757959221448,3.5085767119418443,196.35678
49.10738876599214,3.508663848484253,194.7771,49.10755082932389,3.5085691915310493,196.37537
49.10735946705881,3.508656256649414,194.62253,49.10752206538433,3.5085616644777344,196.42204
49.1073302060572,3.508648392560406,194.47513,49.10749330333869,3.5085541228093944,196.344
49.107300984523285,3.508640227021484,194.19348,49.10746454624961,3.5085465582651527,196.1285
49.10727180399312,3.508631730836905,194.2002,49.10743579717968,3.508538962584133,196.09409
49.10724266600264,3.5086228748109245,193.96118,49.10740705919152,3.508531327505457,195.84982
49.10721357208792,3.508613629747799,194.0,49.10737833534777,3.50852364476825,195.69318
49.10718452378492,3.5086039664517834,193.83823,49.107349628711056,3.508515906111635,195.57051
49.10715552071454,3.508593876107412,193.87398,49.10732094235315,3.5085081028056457,195.44238
49.10712651695049,3.5085838345955853,193.84381,49.10729228051002,3.508500166191687,195.32828
49.10709742017056,3.5085748115238378,193.93564,49.10726364971267,3.5084919094763847,195.10284
49.107068135967474,3.508567798686232,193.93405,49.10723505676055,3.508483132046761,195.13039
49.10703857839032,3.508563764242997,194.05673,49.107206508330606,3.5084736350826446,194.92548
49.10700882675006,3.508563214492474,194.09235,49.10717798885232,3.5084635452609296,194.9779
49.10697911084356,3.508566235167325,194.03914,49.10714943483565,3.508453690354264,194.97003
49.10694966596138,3.5085728966483365,194.11215,49.10712077656476,3.508444989221623,194.9109
49.10692072458013,3.508583261215489,194.15393,49.10709194917349,3.508438330510661,194.81439
49.1068924733428,3.5085972592277463,194.21516,49.107062965238505,3.508434120451561,194.85393
49.10686506160421,3.508614713719149,194.24384,49.10703389954821,3.5084323777379374,194.81961
49.1068386376369,3.508635444607898,194.36066,49.10700482864888,3.5084331101140034,194.76044
49.10681334971364,3.5086592718121943,194.39761,49.106975829087,3.5084363253239754,194.64665
49.106789346107504,3.5086860152502437,194.44733,49.10694697740923,3.508442031112073,194.612
49.1067667750917,3.508715494840248,194.5049,49.10691835016238,3.5084502352225084,194.59746
49.106745784939605,3.508747530500409,194.50668,49.10689002389348,3.508460945399501,194.53333
49.1067265180815,3.5087819410538503,194.43752,49.10686207744951,3.508474169248844,194.50339
49.10670904865742,3.5088185325253582,194.3279,49.10683463792983,3.5084899114721364,194.55486
49.10669340657615,3.508857102650329,194.18144,49.10680787823928,3.5085081740140827,194.57701
49.10667962100128,3.508897449024539,194.00311,49.10678197309295,3.50852895871044,194.67474
49.10666773164179,3.5089393600075343,193.75201,49.10675709720627,3.508552267396968,194.73836
49.10665788397661,3.508982531320435,193.62962,49.10673342529498,3.508578101909426,194.80136
49.106650284501946,3.50902660524263,193.49474,49.10671113207508,3.5086064640835737,194.88786
49.10664514045043,3.5090712234082555,193.33069,49.10669039226274,3.50863735575517,194.90121
49.10664261671041,3.5091160507034167,193.20265,49.10667133883162,3.5086707324070097,194.84799
49.10664251139349,3.5091609534180503,192.94681,49.10665384894088,3.508706265454276,194.76114
49.1066444345098,3.5092059011320083,192.76787,49.10663770288812,3.508743518753187,194.64113
49.106647994536864,3.5092508642665683,192.5733,49.10662268078768,3.50878205595694,194.50923
49.106652799952194,3.509295813243013,192.47064,49.10660861608264,3.5088214847608694,194.3513
49.10665845923329,3.5093407184826213,192.42401,49.106595703296186,3.508861711060648,194.06898
49.10666458085779,3.509385550406673,192.248,49.1065842867027,3.5089027644247177,193.85341
49.106670773303485,3.509430279436449,192.09363,49.10657471105963,3.508944674820282,193.6455
49.10667669477833,3.509474882346204,191.86981,49.10656727971903,3.508987454262236,193.48627
49.10668232942154,3.5095193775477216,191.73857,49.10656198578821,3.509030980251573,193.22998
49.10668779262865,3.5095638002207186,191.63269,49.10655868164792,3.50907506927412,193.07985
49.10669320015546,3.5096081855909387,191.49068,49.10655721897818,3.5091195375119946,192.91476
49.10669866775777,3.50965256888413,191.4469,49.10655744945878,3.509164201147319,192.612
49.10670431119127,3.509696985326039,191.25797,49.1065592247693,3.50920887636221,192.41382
49.10671024621165,3.509741470142412,191.09055,49.1065623965892,3.50925337933879,192.21252
49.106716582695896,3.509786058357496,191.03001,49.10656681648892,3.5092975264193376,192.19408
49.10672303960436,3.509830771595968,190.85437,49.10657227208805,3.509341227942935,192.10252
49.10672870692666,3.5098756099230863,190.75421,49.10657837950362,3.5093846463285607,191.93764
49.10673261776106,3.509920571454009,190.75522,49.106584726402914,3.5094279858118016,191.85384
49.10673381480032,3.509965651070206,190.67719,49.10659090058355,3.5094714505622138,191.65712
49.10673181191148,3.510010684846896,190.56,49.10659664766611,3.509515164689957,191.42183
49.10672679880838,3.5100552810694627,190.38168,49.10660217763726,3.509559016744302,191.36966
49.10671901741049,3.510099030427579,190.39081,49.10660778546188,3.5096028521672107,191.1996
49.10670871517413,3.510141533264489,190.30388,49.10661376605768,3.50964651642225,191.07404
49.106696347657234,3.51018275272795,190.33775,49.10662025502356,3.5096899280510776,190.92168
49.106682636680425,3.510223116167326,190.21564,49.106626872895504,3.5097332418504665,190.70882
49.10666832145616,3.5102630812518703,190.04045,49.10663313631538,3.5097766602726206,190.52092
49.1066541274238,3.510303097244368,189.80266,49.10663856192739,3.5098203857657198,190.35623
49.10664037180685,3.510343364266199,189.64554,49.10664270364639,3.509864546303949,190.25212
49.10662690526421,3.510383797686467,189.38448,49.10664524791626,3.5099090050423527,190.13097
49.106613552945625,3.5104242973057427,189.11328,49.10664591062517,3.5099535663002124,190.01894
49.10660014410548,3.510464765282194,188.83295,49.10664439627707,3.5099980250440472,189.8597
49.10658660617878,3.5105051601640964,188.68636,49.10663999562291,3.5100418363135453,189.79214
49.10657296692263,3.51054549811973,188.39497,49.10663151696046,3.510084047883591,189.6657
49.10655925862737,3.510585797920996,188.06346,49.10661927780959,3.510124515775292,189.58409
49.10654551358334,3.510626078339788,187.88376,49.10660559336343,3.510164181703531,189.62682
49.10653176408093,3.510666358148003,187.85086,49.106591913284205,3.51020367295752,189.5318
49.10651804241053,3.510706656117537,187.75609,49.10657831814498,3.510243086139805,189.3937
49.106504380862624,3.5107469910202878,187.67969,49.10656478994622,3.5102824796442595,189.188
49.10649080786976,3.5107873790903863,187.62967,49.10655131073299,3.5103219113173085,189.06647
49.1064772886725,3.5108277949938915,187.48148,49.1065378649434,3.5103614095943665,188.74207
49.1064637369094,3.510868179452841,187.29263,49.106524440572336,3.5104009591968817,188.47166
49.10645006470891,3.5109084721959696,187.08089,49.10651102590353,3.5104405412966666,188.33942
49.10643621429337,3.510948637369941,186.9321,49.10649760922068,3.5104801370655374,188.06909
49.10642254365006,3.510988976468809,186.68712,49.10648417880745,3.5105197276753097,187.80666
49.10640960670563,3.511029941334125,186.3558,49.10647072294755,3.510559294297797,187.55615
49.10639659735155,3.5110707703123616,186.11215,49.10645722992462,3.5105988181048158,187.4781
49.106381844029904,3.5111099226314657,186.0,49.10644368945102,3.510638282436042,187.33888
49.10636455518478,3.5111465569843814,185.84026,49.1064301066136,3.510677693959806,187.26381
49.10634455823507,3.5111802706140227,185.74858,49.106416495861936,3.510717073551149,187.18129
49.1063220718145,3.511210378843242,185.64511,49.10640287177856,3.5107564422867004,187.21233
49.10629753698712,3.5112360567178555,185.63055,49.106389248945966,3.510795821243092,187.06355
49.10627128421395,3.5112568530673505,185.60861,49.10637564194666,3.5108352314969524,186.85318
49.10624357803089,3.511272534393848,185.54361,49.10636206536321,3.510874694124917,186.74602
49.1062146821719,3.5112828698485856,185.49846,49.10634853377813,3.5109142302036136,186.48999
49.10618491917165,3.511287554873745,185.40521,49.106335054867706,3.5109538467068595,186.18094
49.10615512213143,3.5112856448907985,185.26935,49.10632154224028,3.51099335852032,185.96248
49.10612627228008,3.511276198069325,185.19363,49.10630775507073,3.511032370268504,185.85672
49.10609842939815,3.511260950971877,185.01126,49.10629219769169,3.511069447159011,185.69641
49.106071248272464,3.5112426817789397,184.91489,49.10627256740928,3.511102389388109,185.57599
49.10604469678975,3.511222254777573,184.74278,49.10624864801325,3.5111292217354597,185.46085
49.10601888628516,3.5111996616595462,184.65123,49.10622187549818,3.5111481598543826,185.40918
49.1059939288103,3.511174889759856,184.5427,49.10619373002325,3.5111574245001167,185.313
49.10596994697198,3.5111479259702967,184.39566,49.10616550816838,3.5111558724604466,185.2467
49.10594713242212,3.5111187542835047,184.31601,49.10613769411261,3.511145175142632,185.10088
49.105925704569486,3.511087357526627,184.25089,49.10611054738524,3.511127782269325,185.0031
49.10590588289856,3.5110537185236432,184.15479,49.10608432750835,3.5111061435900512,184.90326
49.10588784097448,3.5110178639199603,184.04176,49.10605926891374,3.511082339305163,184.70253
49.10587148956528,3.510980071150682,183.9298,49.106035484376754,3.51105665779431,184.59724
49.105856646109686,3.5109407067156075,183.83759,49.106013049851896,3.511028845120756,184.49118
49.105843127934655,3.510900137220813,183.83798,49.10599204128567,3.510998647229718,184.3544
49.1058307849809,3.5108586904475154,183.91289,49.10597253321508,3.5109658834665254,184.22891
49.10581963085979,3.5108164993374293,184.04897,49.10595459265059,3.510930765118953,184.13521
49.10580973041567,3.5107736358427424,184.25572,49.10593828410058,3.5108936337654373,184.09503
49.10580114851054,3.510730171894621,184.53374,49.10592367207167,3.510854831071684,184.13083
49.105793950006266,3.5106861794242312,184.7835,49.10591080962272,3.5108146820337924,184.25427
49.10578819976468,3.5106417303627397,185.06519,49.10589968241855,3.5107734135122985,184.4383
49.10578396264756,3.510596896641313,185.51813,49.105890251544096,3.5107312165759725,184.71805
49.10578130286309,3.5105517511021587,185.92801,49.10588247817449,3.510688282093738,184.94714
49.10578026016008,3.510506400691741,186.46323,49.105876339723416,3.5106447819419957,185.18842
49.1057808430476,3.5104609959144857,186.71924,49.10587184567428,3.5106008504888484,185.63916
49.10578305799972,3.510415690112151,187.04932,49.10586900927032,3.5105566177048453,185.98843
49.1057869114903,3.5103706366264955,187.29005,49.10586784375455,3.5105122135605296,186.3009
49.10579240999305,3.510325988799279,187.54126,49.10586836236987,3.510467768026449,186.60909
49.10579955998154,3.5102818999722603,188.17572,49.10587057835898,3.5104234110731465,186.7634
49.10580836792911,3.510238523487197,188.5693,49.10587450496442,3.510379272671173,187.01385
49.10581883808382,3.5101960118406925,188.98207,49.105880155463495,3.5103354829627005,187.1708
49.10583092171225,3.510154497406521,189.41245,49.10588755282542,3.510292219720614,187.4938
49.1058445160793,3.5101140920480502,189.6323,49.10589674289302,3.5102497731271898,188.13211
49.10585951602046,3.5100749067059587,189.99577,49.10590777480712,3.5102084495737382,188.39975
49.10587581691796,3.5100370476885705,190.25458,49.10592069755755,3.510168555250762,188.63058
49.10589332484592,3.5100005307141022,190.552,49.105935490727006,3.5101303039263807,188.84514
49.10591195561839,3.5099652889765345,190.8026,49.10595195459668,3.5100936706104524,189.17548
49.1059316254053,3.5099312526550666,190.93456,49.10596986088137,3.5100585922737007,189.40039
49.105952226088384,3.509898323122856,190.87814,49.1059889759131,3.5100249927895453,189.64224
49.10597325392324,3.509865932536263,190.69751,49.10600895299149,3.5099925210187166,189.704
49.10599388325342,3.5098331312595974,190.64073,49.10602933806674,3.5099605646351075,189.75406
49.10601327907507,3.509798958569429,190.56754,49.106049672844165,3.509928500982771,189.82191
49.10603065425038,3.509762514424981,190.5109,49.10606950113751,3.509895715050617,189.81015
49.10604587679521,3.509723729383967,190.69244,49.10608841814953,3.50986177821525,189.71254
49.10605928955798,3.5096831359940874,190.68726,49.10610607214258,3.509826454301159,189.64801
49.106071246011744,3.509641280273612,190.64316,49.106122113821485,3.509789515990124,189.6
49.10608200729714,3.509598666872345,190.79933,49.10613620458711,3.5097507469273497,189.70589
49.10609075834702,3.509555318254971,190.73212,49.10614830924336,3.50971024175363,189.85349
49.10609615062352,3.5095109902744963,190.84119,49.10615873179178,3.509668442796214,189.92679
49.10609857375324,3.50946591988176,191.05696,49.10616779411616,3.5096258107125755,190.0477
49.1060994128761,3.509420609666308,191.23755,49.10617579342455,3.5095827955777823,190.20468
49.10609934799677,3.5093752558707827,191.38466,49.1061821974667,3.509539491740921,190.26187
49.10609864461012,3.509329876025116,191.43123,49.10618551230875,3.509495571649426,190.38762
49.10609756324541,3.50928448551838,191.51237,49.1061858831346,3.5094510624282385,190.63823
49.10609634634629,3.509239098594286,191.62563,49.10618540369494,3.509406427674677,190.79195
49.10609508006141,3.509193719598476,191.97269,49.10618477741167,3.509361819795988,190.87611
49.10609377053532,3.5091483478099743,192.35005,49.10618401788635,3.50931723679071,190.94745
49.10609242326532,3.5091029824668154,192.72878,49.10618313536806,3.50927267590696,191.00871
49.10609104374872,3.509057622807036,193.28006,49.106182140105886,3.5092281343928526,191.20755
49.10608963748281,3.5090122680686684,193.65182,49.10618104234887,3.509183609496504,191.46172
49.10608820996488,3.5089669174897486,194.24232,49.10617985234614,3.5091390984660302,191.83038
49.106086766692265,3.5089215703083125,194.67343,49.10617858034672,3.5090945985495465,192.38075
49.106085313162254,3.508876225762394,195.37685,49.10617723687623,3.5090501069608897,192.73833
49.10608385487215,3.5088308830900274,195.7373,49.10617583500365,3.509005620598599,193.35437
49.10608239731924,3.508785541529248,196.23114,49.10617438916776,3.508961136191405,193.7467
49.10608094600087,3.5087402003180923,196.40901,49.106172913820586,3.508916650466394,194.39491
49.10607950641429,3.508694858694592,196.5817,49.10617142341418,3.5088721601506534,194.85568
49.10607808405685,3.5086495158967845,196.91385,49.10616993240056,3.5088276619712717,195.20108
49.10607668442584,3.508604171162705,197.23926,49.106168455231774,3.508783152655336,195.54054
49.106075313018586,3.508558823730386,197.73434,49.10616700635776,3.5087386289307068,195.70697
49.10607396375629,3.508513473044818,197.99472,49.10616559354653,3.5086940900059256,195.96835
49.10607257231148,3.5084681195923504,198.3245,49.10616420305177,3.50864954307672,196.20964
49.10607105607591,3.508422764186148,198.52924,49.10616281680555,3.508604996943221,196.552
49.10606933243487,3.5083774076394945,198.85736,49.10616141673994,3.508560460405558,197.08485
49.10606740325685,3.508332051362685,199.11557,49.10615998478704,3.508515942263861,197.37363
49.10606564391166,3.508286699405403,199.41815,49.10615850287889,3.508471451318261,197.75214
49.10606453295299,3.5082413565464927,199.52194,49.106156952947565,3.5084269963688888,198.12245
49.10606454893794,3.508196027564848,199.58694,49.10615531692516,3.5083825862158635,198.36877
49.106066098288274,3.508150744856418,199.6654,49.10615363725479,3.5083382163048724,198.79883
49.10606930713298,3.5081056481274007,199.76285,49.10615219223205,3.508293830030281,199.05759
49.10607423353128,3.50806090314452,200.052,49.1061513176072,3.508249358106537,199.26625
49.10608093553743,3.5080166756740607,200.30936,49.10615134913056,3.5082047312480924,199.34012
49.10608943376272,3.5079731280620607,200.56404,49.106152633432266,3.508159956395609,199.40536
49.10609962091799,3.507930410971365,200.92366,49.10615556381853,3.5081153675086902,199.56868
49.10611136242788,3.507888672572338,201.188,49.10616054610986,3.5080713862253607,199.74338
49.10612451594714,3.507848045628178,201.46202,49.1061679820444,3.5080284327519458,200.06113
49.10613875314073,3.5078082940940942,201.74207,49.10617805249501,3.507986849776367,200.50146
49.1061535971397,3.5077688602101804,202.07275,49.10619060915694,3.5079468644529266,200.77913
49.10616946286778,3.5077303662383947,202.5083,49.10620547689338,3.5079086945185707,201.02919
49.10618759029192,3.507694544825978,202.6359,49.10622248056734,3.507872557710241,201.26524
49.1062083687219,3.507662262421931,202.83511,49.1062414450418,3.50783867176488,201.4993
49.106231378337895,3.507633551459589,203.00107,49.10626219517979,3.5078072544194314,201.58752
49.10625616963189,3.507608413770423,203.05594,49.10628455584437,3.5077785234108387,201.85599
49.10628230127423,3.5075868408580613,203.10562,49.10630835192104,3.5077526957454697,201.8325
49.10630946556109,3.5075686554679666,203.06972,49.10633341025263,3.5077299241152597,202.02963
49.10633746373641,3.507553542753521,203.07565,49.106359561141886,3.5077102475281583,202.02554
49.10636610022215,3.507541183855053,202.91283,49.10638663524541,3.507693693371684,201.7963
49.10639518263888,3.507531287314678,202.72372,49.10641446322011,3.50768028903336,201.59134
49.10642456266342,3.5075239391395403,202.42467,49.10644287572328,3.5076700619007064,201.29597
49.10645412404369,3.507519500114761,201.95117,49.10647170341253,3.507663039361244,201.08514
49.10648375125297,3.5075183372385794,201.70059,49.106500776945865,3.5076592488024945,200.65543
49.10651333149634,3.507520767743708,201.17554,49.10652992833627,3.5076587128383903,200.21059
49.10654278401593,3.507526525175682,200.90253,49.10655900804987,3.507661389053876,199.9809
49.1065720488583,3.507534964041564,200.22144,49.10658787988335,3.507667188057356,199.50371
49.10660106642303,3.5075454324193864,199.93616,49.106616407929614,3.5076760194142373,199.20398
49.10662976922485,3.507557373133381,199.2685,49.10664446625327,3.5076877668656925,198.6948
49.10665801050919,3.507571181511747,198.61926,49.1066720828086,3.5077019156026314,198.38074
49.106685637243,3.5075876264422114,198.29628,49.10669940645888,3.507717637679568,197.83304
49.10671286499748,3.5076058314111904,198.01666,49.10672658932183,3.507734096721676,197.55017
49.10674008041064,3.507624147477428,197.57335,49.10675377867875,3.507750483280399,197.09558
49.106767409918014,3.5076420305983,197.37648,49.10678103670859,3.507766461734306,196.93909
49.10679484516198,3.50765950934384,197.05344,49.10680835288287,3.507782101278829,196.56415
49.10682237667768,3.507676616987704,196.89807,49.106835714335226,3.5077974841263284,196.33875
49.10684999500025,3.507693386803552,196.68106,49.10686310819932,3.5078126924891606,196.05351
49.10687769066492,3.5077098520650383,196.55118,49.10689052160885,3.507827808579686,195.88696
49.10690545420686,3.5077260460458244,196.34698,49.10691794169752,3.5078429146102623,195.69139
49.10693327616132,3.5077420020195667,196.22122,49.10694535559907,3.507858092793248,195.64859
49.10696114665155,3.50775775718362,196.04846,49.10697275442428,3.507873401907845,195.53172
49.10698905309147,3.507773374540226,195.93881,49.10700015083325,3.5078887737600426,195.46861
49.10701698180045,3.507788927516175,195.85904,49.107027564750936,3.507904097349701,195.42542
49.10704491909486,3.5078044895673823,195.89012,49.10705501610784,3.5079192616439,195.44354
49.10707287613956,3.507820002122178,195.91093,49.10708252483437,3.507934155609716,195.49951
49.10710100713146,3.507834646635056,195.90298,49.10711011086094,3.5079486682142265,195.59264
49.10712947043197,3.507847579563863,196.00746,49.10713779411789,3.507962688424511,195.63065
49.10715817161903,3.507859285027323,196.23373,49.10716559453552,3.507976105207648,195.79399
49.10718695499802,3.5078705683425166,196.2874,49.10719352849287,3.5079888262308443,195.91869
49.107215783604445,3.507881608114696,196.504,49.10722158890969,3.508000882693948,196.15201
49.10724465786021,3.5078923856068625,196.65465,49.10724975919047,3.5080123559025265,196.25142
49.10727357820106,3.507902882009293,196.87726,49.10727802271256,3.50802332730534,196.53783
49.107302545062616,3.5079130785122628,197.01532,49.10730636285335,3.5080338783511467,196.74898
49.10733155888059,3.5079229563060466,197.22604,49.10733476299028,3.5080440904887094,196.87897
49.10736062009068,3.507932496580923,197.35893,49.107363206500814,3.508054045166788,197.06253
49.10738972912856,3.507941680527178,197.57011,49.10739167677675,3.5080638237659123,197.18802
49.10741888439437,3.507950507612243,197.84154,49.10742016151437,3.5080734871392183,197.36374
49.10744807635408,3.507959048544597,197.9268,49.10744865872898,3.5080830469291078,197.49207
49.1074772935408,3.5079673913879703,198.21762,49.10747716795021,3.5080925075564733,197.68358
49.10750652448768,3.507975624206089,198.31229,49.10750568870767,3.5081018734422127,197.752
49.107535757727874,3.5079838350626797,198.55637,49.107534220530994,3.508111149007225,197.98032
49.1075649817946,3.5079921120214674,198.63123,49.10756276294978,3.5081203386724065,198.0599
49.10759418522108,3.5080005431461823,198.67346,49.10759131549367,3.5081294468586526,198.10266
49.10762335654327,3.508009216479914,198.72754,49.10761987769229,3.50813847798686,198.14288
49.107652488502566,3.508018188055517,198.68253,49.10764844907524,3.508147436477926,198.1564
49.10768158654032,3.50802741723743,198.7402,49.10767702917215,3.508156326752748,198.23972
49.10771065848585,3.508036845213531,198.70853,49.10770561751268,3.508165153232221,198.25107
49.10773971216848,3.508046413171701,198.76074,49.1077342136264,3.508173920337242,198.40887
49.10776875541745,3.5080560622998185,199.0,49.10776281704299,3.508182632488711,198.47987
49.10779779606207,3.508065733785762,199.04774,49.10779142729205,3.50819129410752,198.74774
49.10782684193156,3.508075368817408,199.27779,49.10782004390322,3.508199909614568,198.83102
49.10785590085518,3.5080849085826395,199.29535,49.10784866640613,3.5082084834307525,199.03526
